[
    {
        "id": 153,
        "action": {
            "type": "block"
        },
        "condition": {
            "requestDomains": [
                "admp-tc.delfi.ee",
                "bnrs.ilm.ee",
                "openx.static.kava.ee",
                "reklaam.kava.ee",
                "reklaam.naistemaailm.ee"
            ]
        },
        "priority": 1
    },
    {
        "id": 22,
        "action": {
            "type": "allow"
        },
        "condition": {
            "urlFilter": "||adform.net/banners/scripts/adx.js",
            "initiatorDomains": [
                "delfi.ee"
            ],
            "resourceTypes": [
                "script"
            ],
            "isUrlFilterCaseSensitive": false
        },
        "priority": 101000
    },
    {
        "id": 28,
        "action": {
            "type": "allow"
        },
        "condition": {
            "urlFilter": "||imasdk.googleapis.com^",
            "initiatorDomains": [
                "duoplay.ee"
            ],
            "resourceTypes": [
                "script"
            ],
            "isUrlFilterCaseSensitive": false
        },
        "priority": 101000
    },
    {
        "id": 30,
        "action": {
            "type": "allow"
        },
        "condition": {
            "urlFilter": "||mssl.fwmrm.net/libs/adm/*",
            "initiatorDomains": [
                "play.tv3.ee"
            ],
            "resourceTypes": [
                "script"
            ],
            "isUrlFilterCaseSensitive": false
        },
        "priority": 101000
    },
    {
        "id": 32,
        "action": {
            "type": "allow"
        },
        "condition": {
            "urlFilter": "||play.tv3.ee/static/scripts/ima3.js",
            "initiatorDomains": [
                "play.tv3.ee"
            ],
            "resourceTypes": [
                "script"
            ],
            "isUrlFilterCaseSensitive": false
        },
        "priority": 101000
    },
    {
        "id": 13,
        "action": {
            "type": "block"
        },
        "condition": {
            "urlFilter": "/js/ads.",
            "isUrlFilterCaseSensitive": false
        },
        "priority": 1
    },
    {
        "id": 14,
        "action": {
            "type": "block"
        },
        "condition": {
            "urlFilter": "/js/ads_",
            "isUrlFilterCaseSensitive": false
        },
        "priority": 1
    },
    {
        "id": 17,
        "action": {
            "type": "block"
        },
        "condition": {
            "urlFilter": "://ads.",
            "isUrlFilterCaseSensitive": false
        },
        "priority": 1
    },
    {
        "id": 18,
        "action": {
            "type": "block"
        },
        "condition": {
            "urlFilter": "://ads2.",
            "isUrlFilterCaseSensitive": false
        },
        "priority": 1
    },
    {
        "id": 19,
        "action": {
            "type": "allow"
        },
        "condition": {
            "urlFilter": "ado.delfi.ee/files/js/ado.js",
            "isUrlFilterCaseSensitive": false
        },
        "priority": 100001
    },
    {
        "id": 20,
        "action": {
            "type": "allow"
        },
        "condition": {
            "urlFilter": "http://ads.postimees.ee/ads/list/*telecast*",
            "isUrlFilterCaseSensitive": false
        },
        "priority": 100001
    },
    {
        "id": 21,
        "action": {
            "type": "allow"
        },
        "condition": {
            "urlFilter": "http://ads.postimees.ee/crossdomain.xml",
            "isUrlFilterCaseSensitive": false
        },
        "priority": 100001
    },
    {
        "id": 23,
        "action": {
            "type": "allow"
        },
        "condition": {
            "urlFilter": "||autonet.ee/showads.js",
            "isUrlFilterCaseSensitive": false
        },
        "priority": 100001
    },
    {
        "id": 24,
        "action": {
            "type": "allow"
        },
        "condition": {
            "urlFilter": "||delfi.ee*/js/ads.",
            "isUrlFilterCaseSensitive": false
        },
        "priority": 100001
    },
    {
        "id": 26,
        "action": {
            "type": "allow"
        },
        "condition": {
            "urlFilter": "||emediate.se",
            "domainType": "thirdParty",
            "initiatorDomains": [
                "tartupostimees.ee",
                "postimees.ee"
            ],
            "isUrlFilterCaseSensitive": false
        },
        "priority": 100152
    },
    {
        "id": 27,
        "action": {
            "type": "allow"
        },
        "condition": {
            "urlFilter": "||fwmrm.net^",
            "initiatorDomains": [
                "tv3play.tv3.ee"
            ],
            "isUrlFilterCaseSensitive": false
        },
        "priority": 100201
    },
    {
        "id": 29,
        "action": {
            "type": "allow"
        },
        "condition": {
            "urlFilter": "||kinnistuportaal.rik.ee/KAEP/Media/img/logos/exchange_banner_idkaart.gif",
            "isUrlFilterCaseSensitive": false
        },
        "priority": 100001
    },
    {
        "id": 31,
        "action": {
            "type": "allow"
        },
        "condition": {
            "urlFilter": "||newrelic.com^",
            "initiatorDomains": [
                "tv3play.tv3.ee"
            ],
            "isUrlFilterCaseSensitive": false
        },
        "priority": 100201
    },
    {
        "id": 33,
        "action": {
            "type": "allow"
        },
        "condition": {
            "urlFilter": "||play.tv3.ee/static/scripts/trackdb/events.gif",
            "initiatorDomains": [
                "play.tv3.ee"
            ],
            "resourceTypes": [
                "image"
            ],
            "isUrlFilterCaseSensitive": false
        },
        "priority": 100301
    },
    {
        "id": 34,
        "action": {
            "type": "allow"
        },
        "condition": {
            "urlFilter": "||static.go3.tv/file/go3/resources/scripts/tv3play/onetrust/lv/onetrust.html",
            "initiatorDomains": [
                "play.tv3.ee"
            ],
            "resourceTypes": [
                "xmlhttprequest"
            ],
            "isUrlFilterCaseSensitive": false
        },
        "priority": 100301
    },
    {
        "id": 35,
        "action": {
            "type": "allow"
        },
        "condition": {
            "urlFilter": "||tv3play.tv3.ee/ad/banner/*",
            "isUrlFilterCaseSensitive": false
        },
        "priority": 100001
    },
    {
        "id": 36,
        "action": {
            "type": "allow"
        },
        "condition": {
            "urlFilter": "||ui-portal.de^",
            "initiatorDomains": [
                "web.de",
                "gmx.net"
            ],
            "isUrlFilterCaseSensitive": false
        },
        "priority": 100151
    },
    {
        "id": 50,
        "action": {
            "type": "block"
        },
        "condition": {
            "urlFilter": "cdn.playapi.mtgx.tv/*/banners/*",
            "isUrlFilterCaseSensitive": false
        },
        "priority": 1
    },
    {
        "id": 87,
        "action": {
            "type": "block"
        },
        "condition": {
            "urlFilter": "http://*.rr.ru",
            "isUrlFilterCaseSensitive": false
        },
        "priority": 1
    },
    {
        "id": 94,
        "action": {
            "type": "block"
        },
        "condition": {
            "urlFilter": "kalale.ee/upload/images/reklaam/*",
            "isUrlFilterCaseSensitive": false
        },
        "priority": 1
    },
    {
        "id": 125,
        "action": {
            "type": "block"
        },
        "condition": {
            "urlFilter": "lounaeestlane.ee/*/banners/*",
            "isUrlFilterCaseSensitive": false
        },
        "priority": 1
    },
    {
        "id": 132,
        "action": {
            "type": "block"
        },
        "condition": {
            "urlFilter": "mail.ee/banners/2.0/bx.js*",
            "isUrlFilterCaseSensitive": false
        },
        "priority": 1
    },
    {
        "id": 137,
        "action": {
            "type": "block"
        },
        "condition": {
            "urlFilter": "mallukas.com/reklaamid/*",
            "isUrlFilterCaseSensitive": false
        },
        "priority": 1
    },
    {
        "id": 156,
        "action": {
            "type": "block"
        },
        "condition": {
            "urlFilter": "pay4results.ee",
            "domainType": "thirdParty",
            "isUrlFilterCaseSensitive": false
        },
        "priority": 2
    },
    {
        "id": 159,
        "action": {
            "type": "block"
        },
        "condition": {
            "urlFilter": "perekool.ee/pkfiles/adjs.php",
            "isUrlFilterCaseSensitive": false
        },
        "priority": 1
    },
    {
        "id": 163,
        "action": {
            "type": "block"
        },
        "condition": {
            "urlFilter": "pmo.ee/*/banners/*",
            "isUrlFilterCaseSensitive": false
        },
        "priority": 1
    },
    {
        "id": 212,
        "action": {
            "type": "block"
        },
        "condition": {
            "urlFilter": "soccernet.ee/img/reklaam/*",
            "isUrlFilterCaseSensitive": false
        },
        "priority": 1
    },
    {
        "id": 214,
        "action": {
            "type": "block"
        },
        "condition": {
            "urlFilter": "static.kava.ee/openx",
            "isUrlFilterCaseSensitive": false
        },
        "priority": 1
    },
    {
        "id": 223,
        "action": {
            "type": "block"
        },
        "condition": {
            "urlFilter": "video.reporter.ee/files*.flv?start=0",
            "isUrlFilterCaseSensitive": false
        },
        "priority": 1
    },
    {
        "id": 231,
        "action": {
            "type": "block"
        },
        "condition": {
            "urlFilter": "whatcar.ee/ads/",
            "isUrlFilterCaseSensitive": false
        },
        "priority": 1
    },
    {
        "id": 232,
        "action": {
            "type": "block"
        },
        "condition": {
            "urlFilter": "www.ehitusfoorum.com/bannerid/www/delivery/ajs.php",
            "isUrlFilterCaseSensitive": false
        },
        "priority": 1
    },
    {
        "id": 235,
        "action": {
            "type": "block"
        },
        "condition": {
            "urlFilter": "|http://www.auto24.ee/js/Auto24Popup.js",
            "isUrlFilterCaseSensitive": false
        },
        "priority": 1
    },
    {
        "id": 236,
        "action": {
            "type": "block"
        },
        "condition": {
            "urlFilter": "||212.47.219.162/banners",
            "isUrlFilterCaseSensitive": false
        },
        "priority": 1
    },
    {
        "id": 237,
        "action": {
            "type": "block"
        },
        "condition": {
            "urlFilter": "||2mdn.net",
            "domainType": "thirdParty",
            "isUrlFilterCaseSensitive": false
        },
        "priority": 2
    },
    {
        "id": 238,
        "action": {
            "type": "block"
        },
        "condition": {
            "urlFilter": "||ad.dumedia.ru",
            "domainType": "thirdParty",
            "isUrlFilterCaseSensitive": false
        },
        "priority": 2
    },
    {
        "id": 239,
        "action": {
            "type": "block"
        },
        "condition": {
            "urlFilter": "||ad.mylook.ee",
            "domainType": "thirdParty",
            "isUrlFilterCaseSensitive": false
        },
        "priority": 2
    },
    {
        "id": 240,
        "action": {
            "type": "block"
        },
        "condition": {
            "urlFilter": "||adbox.lv",
            "domainType": "thirdParty",
            "isUrlFilterCaseSensitive": false
        },
        "priority": 2
    },
    {
        "id": 241,
        "action": {
            "type": "block"
        },
        "condition": {
            "urlFilter": "||adbrite.com",
            "domainType": "thirdParty",
            "isUrlFilterCaseSensitive": false
        },
        "priority": 2
    },
    {
        "id": 242,
        "action": {
            "type": "block"
        },
        "condition": {
            "urlFilter": "||adbull.com",
            "domainType": "thirdParty",
            "isUrlFilterCaseSensitive": false
        },
        "priority": 2
    },
    {
        "id": 243,
        "action": {
            "type": "block"
        },
        "condition": {
            "urlFilter": "||adbureau.net",
            "domainType": "thirdParty",
            "isUrlFilterCaseSensitive": false
        },
        "priority": 2
    },
    {
        "id": 244,
        "action": {
            "type": "block"
        },
        "condition": {
            "urlFilter": "||adclick.co.ee",
            "domainType": "thirdParty",
            "isUrlFilterCaseSensitive": false
        },
        "priority": 2
    },
    {
        "id": 245,
        "action": {
            "type": "block"
        },
        "condition": {
            "urlFilter": "||adengage.com",
            "domainType": "thirdParty",
            "isUrlFilterCaseSensitive": false
        },
        "priority": 2
    },
    {
        "id": 246,
        "action": {
            "type": "block"
        },
        "condition": {
            "urlFilter": "||adform.net",
            "domainType": "thirdParty",
            "isUrlFilterCaseSensitive": false
        },
        "priority": 2
    },
    {
        "id": 247,
        "action": {
            "type": "block"
        },
        "condition": {
            "urlFilter": "||adition.com",
            "domainType": "thirdParty",
            "isUrlFilterCaseSensitive": false
        },
        "priority": 2
    },
    {
        "id": 248,
        "action": {
            "type": "block"
        },
        "condition": {
            "urlFilter": "||adkontekst.pl",
            "domainType": "thirdParty",
            "isUrlFilterCaseSensitive": false
        },
        "priority": 2
    },
    {
        "id": 249,
        "action": {
            "type": "block"
        },
        "condition": {
            "urlFilter": "||adland.ru",
            "domainType": "thirdParty",
            "isUrlFilterCaseSensitive": false
        },
        "priority": 2
    },
    {
        "id": 250,
        "action": {
            "type": "block"
        },
        "condition": {
            "urlFilter": "||adlegend.com",
            "domainType": "thirdParty",
            "isUrlFilterCaseSensitive": false
        },
        "priority": 2
    },
    {
        "id": 251,
        "action": {
            "type": "block"
        },
        "condition": {
            "urlFilter": "||admeld.com",
            "domainType": "thirdParty",
            "isUrlFilterCaseSensitive": false
        },
        "priority": 2
    },
    {
        "id": 252,
        "action": {
            "type": "block"
        },
        "condition": {
            "urlFilter": "||admin.naistemaailm.ee/upload/images/reklaam/*",
            "isUrlFilterCaseSensitive": false
        },
        "priority": 1
    },
    {
        "id": 253,
        "action": {
            "type": "block"
        },
        "condition": {
            "urlFilter": "||admixer.net",
            "domainType": "thirdParty",
            "isUrlFilterCaseSensitive": false
        },
        "priority": 2
    },
    {
        "id": 255,
        "action": {
            "type": "block"
        },
        "condition": {
            "urlFilter": "||admulti.com",
            "domainType": "thirdParty",
            "isUrlFilterCaseSensitive": false
        },
        "priority": 2
    },
    {
        "id": 256,
        "action": {
            "type": "block"
        },
        "condition": {
            "urlFilter": "||adnet.ee",
            "domainType": "thirdParty",
            "isUrlFilterCaseSensitive": false
        },
        "priority": 2
    },
    {
        "id": 257,
        "action": {
            "type": "block"
        },
        "condition": {
            "urlFilter": "||adnetmedia.ee",
            "domainType": "thirdParty",
            "isUrlFilterCaseSensitive": false
        },
        "priority": 2
    },
    {
        "id": 258,
        "action": {
            "type": "block"
        },
        "condition": {
            "urlFilter": "||adnxs.com",
            "domainType": "thirdParty",
            "isUrlFilterCaseSensitive": false
        },
        "priority": 2
    },
    {
        "id": 259,
        "action": {
            "type": "block"
        },
        "condition": {
            "urlFilter": "||adocean.pl",
            "domainType": "thirdParty",
            "isUrlFilterCaseSensitive": false
        },
        "priority": 2
    },
    {
        "id": 260,
        "action": {
            "type": "block"
        },
        "condition": {
            "urlFilter": "||adonspot.com",
            "domainType": "thirdParty",
            "isUrlFilterCaseSensitive": false
        },
        "priority": 2
    },
    {
        "id": 261,
        "action": {
            "type": "block"
        },
        "condition": {
            "urlFilter": "||adonweb.ru",
            "domainType": "thirdParty",
            "isUrlFilterCaseSensitive": false
        },
        "priority": 2
    },
    {
        "id": 262,
        "action": {
            "type": "block"
        },
        "condition": {
            "urlFilter": "||adreactor.com",
            "domainType": "thirdParty",
            "isUrlFilterCaseSensitive": false
        },
        "priority": 2
    },
    {
        "id": 263,
        "action": {
            "type": "block"
        },
        "condition": {
            "urlFilter": "||adriver.ru",
            "domainType": "thirdParty",
            "isUrlFilterCaseSensitive": false
        },
        "priority": 2
    },
    {
        "id": 264,
        "action": {
            "type": "block"
        },
        "condition": {
            "urlFilter": "||ads.ee",
            "domainType": "thirdParty",
            "isUrlFilterCaseSensitive": false
        },
        "priority": 2
    },
    {
        "id": 265,
        "action": {
            "type": "block"
        },
        "condition": {
            "urlFilter": "||adserver.com",
            "domainType": "thirdParty",
            "isUrlFilterCaseSensitive": false
        },
        "priority": 2
    },
    {
        "id": 266,
        "action": {
            "type": "block"
        },
        "condition": {
            "urlFilter": "||adsfac.eu",
            "domainType": "thirdParty",
            "isUrlFilterCaseSensitive": false
        },
        "priority": 2
    },
    {
        "id": 267,
        "action": {
            "type": "block"
        },
        "condition": {
            "urlFilter": "||adtaily.pl",
            "domainType": "thirdParty",
            "isUrlFilterCaseSensitive": false
        },
        "priority": 2
    },
    {
        "id": 268,
        "action": {
            "type": "block"
        },
        "condition": {
            "urlFilter": "||adtarget.me",
            "domainType": "thirdParty",
            "isUrlFilterCaseSensitive": false
        },
        "priority": 2
    },
    {
        "id": 269,
        "action": {
            "type": "block"
        },
        "condition": {
            "urlFilter": "||adtech.de",
            "domainType": "thirdParty",
            "isUrlFilterCaseSensitive": false
        },
        "priority": 2
    },
    {
        "id": 270,
        "action": {
            "type": "block"
        },
        "condition": {
            "urlFilter": "||adtechus.com",
            "domainType": "thirdParty",
            "isUrlFilterCaseSensitive": false
        },
        "priority": 2
    },
    {
        "id": 271,
        "action": {
            "type": "block"
        },
        "condition": {
            "urlFilter": "||adtegrity.net",
            "domainType": "thirdParty",
            "isUrlFilterCaseSensitive": false
        },
        "priority": 2
    },
    {
        "id": 272,
        "action": {
            "type": "block"
        },
        "condition": {
            "urlFilter": "||adultadvertising.net",
            "domainType": "thirdParty",
            "isUrlFilterCaseSensitive": false
        },
        "priority": 2
    },
    {
        "id": 273,
        "action": {
            "type": "block"
        },
        "condition": {
            "urlFilter": "||adultfriendfinder.com",
            "domainType": "thirdParty",
            "isUrlFilterCaseSensitive": false
        },
        "priority": 2
    },
    {
        "id": 274,
        "action": {
            "type": "block"
        },
        "condition": {
            "urlFilter": "||advertising.aol.com",
            "domainType": "thirdParty",
            "isUrlFilterCaseSensitive": false
        },
        "priority": 2
    },
    {
        "id": 275,
        "action": {
            "type": "block"
        },
        "condition": {
            "urlFilter": "||advertising.com",
            "domainType": "thirdParty",
            "isUrlFilterCaseSensitive": false
        },
        "priority": 2
    },
    {
        "id": 276,
        "action": {
            "type": "block"
        },
        "condition": {
            "urlFilter": "||advertserve.com",
            "domainType": "thirdParty",
            "isUrlFilterCaseSensitive": false
        },
        "priority": 2
    },
    {
        "id": 277,
        "action": {
            "type": "block"
        },
        "condition": {
            "urlFilter": "||afilo.pl",
            "domainType": "thirdParty",
            "isUrlFilterCaseSensitive": false
        },
        "priority": 2
    },
    {
        "id": 278,
        "action": {
            "type": "block"
        },
        "condition": {
            "urlFilter": "||afy11.net",
            "domainType": "thirdParty",
            "isUrlFilterCaseSensitive": false
        },
        "priority": 2
    },
    {
        "id": 279,
        "action": {
            "type": "block"
        },
        "condition": {
            "urlFilter": "||ahcdns.com",
            "domainType": "thirdParty",
            "isUrlFilterCaseSensitive": false
        },
        "priority": 2
    },
    {
        "id": 280,
        "action": {
            "type": "block"
        },
        "condition": {
            "urlFilter": "||aimatch.com",
            "domainType": "thirdParty",
            "isUrlFilterCaseSensitive": false
        },
        "priority": 2
    },
    {
        "id": 281,
        "action": {
            "type": "block"
        },
        "condition": {
            "urlFilter": "||ajaleht.ekspress.ee/*/reklaam_*",
            "isUrlFilterCaseSensitive": false
        },
        "priority": 1
    },
    {
        "id": 282,
        "action": {
            "type": "block"
        },
        "condition": {
            "urlFilter": "||am10.ru",
            "domainType": "thirdParty",
            "isUrlFilterCaseSensitive": false
        },
        "priority": 2
    },
    {
        "id": 283,
        "action": {
            "type": "block"
        },
        "condition": {
            "urlFilter": "||am11.ru",
            "domainType": "thirdParty",
            "isUrlFilterCaseSensitive": false
        },
        "priority": 2
    },
    {
        "id": 284,
        "action": {
            "type": "block"
        },
        "condition": {
            "urlFilter": "||an.yandex.ru/system/context.js",
            "isUrlFilterCaseSensitive": false
        },
        "priority": 1
    },
    {
        "id": 285,
        "action": {
            "type": "block"
        },
        "condition": {
            "urlFilter": "||ap.delfi.ee",
            "domainType": "thirdParty",
            "isUrlFilterCaseSensitive": false
        },
        "priority": 2
    },
    {
        "id": 286,
        "action": {
            "type": "block"
        },
        "condition": {
            "urlFilter": "||apex-ad.com",
            "domainType": "thirdParty",
            "isUrlFilterCaseSensitive": false
        },
        "priority": 2
    },
    {
        "id": 287,
        "action": {
            "type": "block"
        },
        "condition": {
            "urlFilter": "||aripaev.ee/js/banners.min.js",
            "isUrlFilterCaseSensitive": false
        },
        "priority": 1
    },
    {
        "id": 288,
        "action": {
            "type": "block"
        },
        "condition": {
            "urlFilter": "||atdmt.com",
            "domainType": "thirdParty",
            "isUrlFilterCaseSensitive": false
        },
        "priority": 2
    },
    {
        "id": 289,
        "action": {
            "type": "block"
        },
        "condition": {
            "urlFilter": "||axf8.net",
            "domainType": "thirdParty",
            "isUrlFilterCaseSensitive": false
        },
        "priority": 2
    },
    {
        "id": 290,
        "action": {
            "type": "block"
        },
        "condition": {
            "urlFilter": "||bannerboxes.com",
            "domainType": "thirdParty",
            "isUrlFilterCaseSensitive": false
        },
        "priority": 2
    },
    {
        "id": 291,
        "action": {
            "type": "block"
        },
        "condition": {
            "urlFilter": "||bannerhost.ru",
            "domainType": "thirdParty",
            "isUrlFilterCaseSensitive": false
        },
        "priority": 2
    },
    {
        "id": 292,
        "action": {
            "type": "block"
        },
        "condition": {
            "urlFilter": "||bannex.ee",
            "domainType": "thirdParty",
            "isUrlFilterCaseSensitive": false
        },
        "priority": 2
    },
    {
        "id": 293,
        "action": {
            "type": "block"
        },
        "condition": {
            "urlFilter": "||bbelements.com",
            "domainType": "thirdParty",
            "isUrlFilterCaseSensitive": false
        },
        "priority": 2
    },
    {
        "id": 294,
        "action": {
            "type": "block"
        },
        "condition": {
            "urlFilter": "||begun.ru",
            "domainType": "thirdParty",
            "isUrlFilterCaseSensitive": false
        },
        "priority": 2
    },
    {
        "id": 295,
        "action": {
            "type": "block"
        },
        "condition": {
            "urlFilter": "||bepolite.eu",
            "domainType": "thirdParty",
            "isUrlFilterCaseSensitive": false
        },
        "priority": 2
    },
    {
        "id": 296,
        "action": {
            "type": "block"
        },
        "condition": {
            "urlFilter": "||bidvertiser.com",
            "domainType": "thirdParty",
            "isUrlFilterCaseSensitive": false
        },
        "priority": 2
    },
    {
        "id": 297,
        "action": {
            "type": "block"
        },
        "condition": {
            "urlFilter": "||bizographics.com",
            "domainType": "thirdParty",
            "isUrlFilterCaseSensitive": false
        },
        "priority": 2
    },
    {
        "id": 298,
        "action": {
            "type": "block"
        },
        "condition": {
            "urlFilter": "||bkrtx.com",
            "domainType": "thirdParty",
            "isUrlFilterCaseSensitive": false
        },
        "priority": 2
    },
    {
        "id": 299,
        "action": {
            "type": "block"
        },
        "condition": {
            "urlFilter": "||blog.tr.ee/banner",
            "isUrlFilterCaseSensitive": false
        },
        "priority": 1
    },
    {
        "id": 300,
        "action": {
            "type": "block"
        },
        "condition": {
            "urlFilter": "||blogads.com",
            "domainType": "thirdParty",
            "isUrlFilterCaseSensitive": false
        },
        "priority": 2
    },
    {
        "id": 301,
        "action": {
            "type": "block"
        },
        "condition": {
            "urlFilter": "||bluekai.com",
            "domainType": "thirdParty",
            "isUrlFilterCaseSensitive": false
        },
        "priority": 2
    },
    {
        "id": 302,
        "action": {
            "type": "block"
        },
        "condition": {
            "urlFilter": "||bluelithium.com",
            "domainType": "thirdParty",
            "isUrlFilterCaseSensitive": false
        },
        "priority": 2
    },
    {
        "id": 304,
        "action": {
            "type": "block"
        },
        "condition": {
            "urlFilter": "||brazzers.com",
            "domainType": "thirdParty",
            "isUrlFilterCaseSensitive": false
        },
        "priority": 2
    },
    {
        "id": 305,
        "action": {
            "type": "block"
        },
        "condition": {
            "urlFilter": "||budsinc.com",
            "domainType": "thirdParty",
            "isUrlFilterCaseSensitive": false
        },
        "priority": 2
    },
    {
        "id": 306,
        "action": {
            "type": "block"
        },
        "condition": {
            "urlFilter": "||buduaar.ee/files/Upload/Banners",
            "isUrlFilterCaseSensitive": false
        },
        "priority": 1
    },
    {
        "id": 307,
        "action": {
            "type": "block"
        },
        "condition": {
            "urlFilter": "||buduaar.ee/files/Upload/marketItems",
            "isUrlFilterCaseSensitive": false
        },
        "priority": 1
    },
    {
        "id": 308,
        "action": {
            "type": "block"
        },
        "condition": {
            "urlFilter": "||casalemedia.com",
            "domainType": "thirdParty",
            "isUrlFilterCaseSensitive": false
        },
        "priority": 2
    },
    {
        "id": 309,
        "action": {
            "type": "block"
        },
        "condition": {
            "urlFilter": "||chartbeat.com",
            "domainType": "thirdParty",
            "isUrlFilterCaseSensitive": false
        },
        "priority": 2
    },
    {
        "id": 310,
        "action": {
            "type": "block"
        },
        "condition": {
            "urlFilter": "||chartbeat.net",
            "domainType": "thirdParty",
            "isUrlFilterCaseSensitive": false
        },
        "priority": 2
    },
    {
        "id": 311,
        "action": {
            "type": "block"
        },
        "condition": {
            "urlFilter": "||cherry.ee",
            "domainType": "thirdParty",
            "isUrlFilterCaseSensitive": false
        },
        "priority": 2
    },
    {
        "id": 312,
        "action": {
            "type": "block"
        },
        "condition": {
            "urlFilter": "||cherrystatic.net",
            "domainType": "thirdParty",
            "excludedInitiatorDomains": [
                "cherry.ee"
            ],
            "isUrlFilterCaseSensitive": false
        },
        "priority": 3
    },
    {
        "id": 313,
        "action": {
            "type": "block"
        },
        "condition": {
            "urlFilter": "||cherrystatic.net/banners",
            "isUrlFilterCaseSensitive": false
        },
        "priority": 1
    },
    {
        "id": 314,
        "action": {
            "type": "block"
        },
        "condition": {
            "urlFilter": "||chitika.net",
            "domainType": "thirdParty",
            "isUrlFilterCaseSensitive": false
        },
        "priority": 2
    },
    {
        "id": 315,
        "action": {
            "type": "block"
        },
        "condition": {
            "urlFilter": "||city24.ee",
            "domainType": "thirdParty",
            "excludedInitiatorDomains": [
                "city24.postimees.ee"
            ],
            "isUrlFilterCaseSensitive": false
        },
        "priority": 3
    },
    {
        "id": 316,
        "action": {
            "type": "block"
        },
        "condition": {
            "urlFilter": "||collective-media.com",
            "domainType": "thirdParty",
            "isUrlFilterCaseSensitive": false
        },
        "priority": 2
    },
    {
        "id": 317,
        "action": {
            "type": "block"
        },
        "condition": {
            "urlFilter": "||connextra.com",
            "domainType": "thirdParty",
            "isUrlFilterCaseSensitive": false
        },
        "priority": 2
    },
    {
        "id": 318,
        "action": {
            "type": "block"
        },
        "condition": {
            "urlFilter": "||contextweb.com",
            "domainType": "thirdParty",
            "isUrlFilterCaseSensitive": false
        },
        "priority": 2
    },
    {
        "id": 319,
        "action": {
            "type": "block"
        },
        "condition": {
            "urlFilter": "||cpxinteractive.com",
            "domainType": "thirdParty",
            "isUrlFilterCaseSensitive": false
        },
        "priority": 2
    },
    {
        "id": 320,
        "action": {
            "type": "block"
        },
        "condition": {
            "urlFilter": "||crowdscience.com",
            "domainType": "thirdParty",
            "isUrlFilterCaseSensitive": false
        },
        "priority": 2
    },
    {
        "id": 321,
        "action": {
            "type": "block"
        },
        "condition": {
            "urlFilter": "||crwdcntrl.net",
            "domainType": "thirdParty",
            "isUrlFilterCaseSensitive": false
        },
        "priority": 2
    },
    {
        "id": 322,
        "action": {
            "type": "block"
        },
        "condition": {
            "urlFilter": "||cxense.com",
            "domainType": "thirdParty",
            "isUrlFilterCaseSensitive": false
        },
        "priority": 2
    },
    {
        "id": 323,
        "action": {
            "type": "block"
        },
        "condition": {
            "urlFilter": "||dclick.ru",
            "domainType": "thirdParty",
            "isUrlFilterCaseSensitive": false
        },
        "priority": 2
    },
    {
        "id": 324,
        "action": {
            "type": "block"
        },
        "condition": {
            "urlFilter": "||delfi.ee/misc/cobancar/*.php",
            "isUrlFilterCaseSensitive": false
        },
        "priority": 1
    },
    {
        "id": 325,
        "action": {
            "type": "block"
        },
        "condition": {
            "urlFilter": "||domdex.com",
            "domainType": "thirdParty",
            "isUrlFilterCaseSensitive": false
        },
        "priority": 2
    },
    {
        "id": 326,
        "action": {
            "type": "block"
        },
        "condition": {
            "urlFilter": "||doubleclick.be",
            "domainType": "thirdParty",
            "isUrlFilterCaseSensitive": false
        },
        "priority": 2
    },
    {
        "id": 327,
        "action": {
            "type": "block"
        },
        "condition": {
            "urlFilter": "||doubleclick.com",
            "domainType": "thirdParty",
            "isUrlFilterCaseSensitive": false
        },
        "priority": 2
    },
    {
        "id": 328,
        "action": {
            "type": "block"
        },
        "condition": {
            "urlFilter": "||doubleclick.de",
            "domainType": "thirdParty",
            "isUrlFilterCaseSensitive": false
        },
        "priority": 2
    },
    {
        "id": 329,
        "action": {
            "type": "block"
        },
        "condition": {
            "urlFilter": "||doubleclick.net",
            "domainType": "thirdParty",
            "isUrlFilterCaseSensitive": false
        },
        "priority": 2
    },
    {
        "id": 330,
        "action": {
            "type": "block"
        },
        "condition": {
            "urlFilter": "||doublepimp.com",
            "domainType": "thirdParty",
            "isUrlFilterCaseSensitive": false
        },
        "priority": 2
    },
    {
        "id": 331,
        "action": {
            "type": "block"
        },
        "condition": {
            "urlFilter": "||dowjoneson.com",
            "domainType": "thirdParty",
            "isUrlFilterCaseSensitive": false
        },
        "priority": 2
    },
    {
        "id": 332,
        "action": {
            "type": "block"
        },
        "condition": {
            "urlFilter": "||dt00.net",
            "domainType": "thirdParty",
            "isUrlFilterCaseSensitive": false
        },
        "priority": 2
    },
    {
        "id": 333,
        "action": {
            "type": "block"
        },
        "condition": {
            "urlFilter": "||eloqua.com",
            "domainType": "thirdParty",
            "isUrlFilterCaseSensitive": false
        },
        "priority": 2
    },
    {
        "id": 334,
        "action": {
            "type": "block"
        },
        "condition": {
            "urlFilter": "||estara.com",
            "domainType": "thirdParty",
            "isUrlFilterCaseSensitive": false
        },
        "priority": 2
    },
    {
        "id": 335,
        "action": {
            "type": "block"
        },
        "condition": {
            "urlFilter": "||etology.com",
            "domainType": "thirdParty",
            "isUrlFilterCaseSensitive": false
        },
        "priority": 2
    },
    {
        "id": 336,
        "action": {
            "type": "block"
        },
        "condition": {
            "urlFilter": "||extreme-dm.com",
            "domainType": "thirdParty",
            "isUrlFilterCaseSensitive": false
        },
        "priority": 2
    },
    {
        "id": 337,
        "action": {
            "type": "block"
        },
        "condition": {
            "urlFilter": "||fastclick.net",
            "domainType": "thirdParty",
            "isUrlFilterCaseSensitive": false
        },
        "priority": 2
    },
    {
        "id": 338,
        "action": {
            "type": "block"
        },
        "condition": {
            "urlFilter": "||fastonlineusers.com",
            "domainType": "thirdParty",
            "isUrlFilterCaseSensitive": false
        },
        "priority": 2
    },
    {
        "id": 339,
        "action": {
            "type": "block"
        },
        "condition": {
            "urlFilter": "||fortumo.ee",
            "domainType": "thirdParty",
            "isUrlFilterCaseSensitive": false
        },
        "priority": 2
    },
    {
        "id": 340,
        "action": {
            "type": "block"
        },
        "condition": {
            "urlFilter": "||freeze.com",
            "domainType": "thirdParty",
            "isUrlFilterCaseSensitive": false
        },
        "priority": 2
    },
    {
        "id": 341,
        "action": {
            "type": "block"
        },
        "condition": {
            "urlFilter": "||fwmrm.net",
            "domainType": "thirdParty",
            "excludedInitiatorDomains": [
                "tv3play.ee",
                "tv3.ee"
            ],
            "isUrlFilterCaseSensitive": false
        },
        "priority": 3
    },
    {
        "id": 342,
        "action": {
            "type": "block"
        },
        "condition": {
            "urlFilter": "||gemius.pl",
            "domainType": "thirdParty",
            "isUrlFilterCaseSensitive": false
        },
        "priority": 2
    },
    {
        "id": 343,
        "action": {
            "type": "block"
        },
        "condition": {
            "urlFilter": "||getclicky.com",
            "domainType": "thirdParty",
            "isUrlFilterCaseSensitive": false
        },
        "priority": 2
    },
    {
        "id": 344,
        "action": {
            "type": "block"
        },
        "condition": {
            "urlFilter": "||googleadservices.com",
            "domainType": "thirdParty",
            "isUrlFilterCaseSensitive": false
        },
        "priority": 2
    },
    {
        "id": 345,
        "action": {
            "type": "block"
        },
        "condition": {
            "urlFilter": "||googlesyndication.com",
            "domainType": "thirdParty",
            "isUrlFilterCaseSensitive": false
        },
        "priority": 2
    },
    {
        "id": 346,
        "action": {
            "type": "block"
        },
        "condition": {
            "urlFilter": "||harjuelu.ee/wp-content/banners/",
            "isUrlFilterCaseSensitive": false
        },
        "priority": 1
    },
    {
        "id": 347,
        "action": {
            "type": "block"
        },
        "condition": {
            "urlFilter": "||harrenmedianetwork.com",
            "domainType": "thirdParty",
            "isUrlFilterCaseSensitive": false
        },
        "priority": 2
    },
    {
        "id": 348,
        "action": {
            "type": "block"
        },
        "condition": {
            "urlFilter": "||hbmediapro.com",
            "domainType": "thirdParty",
            "isUrlFilterCaseSensitive": false
        },
        "priority": 2
    },
    {
        "id": 349,
        "action": {
            "type": "block"
        },
        "condition": {
            "urlFilter": "||hitbox.com",
            "domainType": "thirdParty",
            "isUrlFilterCaseSensitive": false
        },
        "priority": 2
    },
    {
        "id": 350,
        "action": {
            "type": "block"
        },
        "condition": {
            "urlFilter": "||hitfarm.com",
            "domainType": "thirdParty",
            "isUrlFilterCaseSensitive": false
        },
        "priority": 2
    },
    {
        "id": 351,
        "action": {
            "type": "block"
        },
        "condition": {
            "urlFilter": "||i.hinnavaatlus.ee/s/*",
            "resourceTypes": [
                "image"
            ],
            "isUrlFilterCaseSensitive": false
        },
        "priority": 101
    },
    {
        "id": 352,
        "action": {
            "type": "block"
        },
        "condition": {
            "urlFilter": "||ilm24.ee/uus/ban/",
            "isUrlFilterCaseSensitive": false
        },
        "priority": 1
    },
    {
        "id": 353,
        "action": {
            "type": "block"
        },
        "condition": {
            "urlFilter": "||img.auto24.ee/banners/ox/*",
            "isUrlFilterCaseSensitive": false
        },
        "priority": 1
    },
    {
        "id": 354,
        "action": {
            "type": "block"
        },
        "condition": {
            "urlFilter": "||imgsrv.kuldnebors.ee/banners/",
            "resourceTypes": [
                "image"
            ],
            "isUrlFilterCaseSensitive": false
        },
        "priority": 101
    },
    {
        "id": 355,
        "action": {
            "type": "block"
        },
        "condition": {
            "urlFilter": "||imgsrv.kuldnebors.ee/static/banners/",
            "resourceTypes": [
                "image"
            ],
            "isUrlFilterCaseSensitive": false
        },
        "priority": 101
    },
    {
        "id": 356,
        "action": {
            "type": "block"
        },
        "condition": {
            "urlFilter": "||imlive.com",
            "domainType": "thirdParty",
            "isUrlFilterCaseSensitive": false
        },
        "priority": 2
    },
    {
        "id": 357,
        "action": {
            "type": "block"
        },
        "condition": {
            "urlFilter": "||impartner.lt",
            "domainType": "thirdParty",
            "isUrlFilterCaseSensitive": false
        },
        "priority": 2
    },
    {
        "id": 358,
        "action": {
            "type": "block"
        },
        "condition": {
            "urlFilter": "||invitemedia.com",
            "domainType": "thirdParty",
            "isUrlFilterCaseSensitive": false
        },
        "priority": 2
    },
    {
        "id": 359,
        "action": {
            "type": "block"
        },
        "condition": {
            "urlFilter": "||ixnp.com",
            "domainType": "thirdParty",
            "isUrlFilterCaseSensitive": false
        },
        "priority": 2
    },
    {
        "id": 360,
        "action": {
            "type": "block"
        },
        "condition": {
            "urlFilter": "||kalale.ee/media/b2nnerid",
            "isUrlFilterCaseSensitive": false
        },
        "priority": 1
    },
    {
        "id": 361,
        "action": {
            "type": "block"
        },
        "condition": {
            "urlFilter": "||klikivabrik.ee",
            "domainType": "thirdParty",
            "isUrlFilterCaseSensitive": false
        },
        "priority": 2
    },
    {
        "id": 362,
        "action": {
            "type": "block"
        },
        "condition": {
            "urlFilter": "||klikki.com",
            "domainType": "thirdParty",
            "isUrlFilterCaseSensitive": false
        },
        "priority": 2
    },
    {
        "id": 363,
        "action": {
            "type": "block"
        },
        "condition": {
            "urlFilter": "||kqzyfj.com",
            "domainType": "thirdParty",
            "isUrlFilterCaseSensitive": false
        },
        "priority": 2
    },
    {
        "id": 364,
        "action": {
            "type": "block"
        },
        "condition": {
            "urlFilter": "||laanlane.ee/reklaam*",
            "isUrlFilterCaseSensitive": false
        },
        "priority": 1
    },
    {
        "id": 365,
        "action": {
            "type": "block"
        },
        "condition": {
            "urlFilter": "||lekane.net",
            "domainType": "thirdParty",
            "isUrlFilterCaseSensitive": false
        },
        "priority": 2
    },
    {
        "id": 366,
        "action": {
            "type": "block"
        },
        "condition": {
            "urlFilter": "||lpdigileht.epl.ee/*/reklaam_*",
            "isUrlFilterCaseSensitive": false
        },
        "priority": 1
    },
    {
        "id": 367,
        "action": {
            "type": "block"
        },
        "condition": {
            "urlFilter": "||luxup.ru",
            "domainType": "thirdParty",
            "isUrlFilterCaseSensitive": false
        },
        "priority": 2
    },
    {
        "id": 368,
        "action": {
            "type": "block"
        },
        "condition": {
            "urlFilter": "||magnetic.is",
            "domainType": "thirdParty",
            "isUrlFilterCaseSensitive": false
        },
        "priority": 2
    },
    {
        "id": 369,
        "action": {
            "type": "block"
        },
        "condition": {
            "urlFilter": "||marketgid.com",
            "domainType": "thirdParty",
            "isUrlFilterCaseSensitive": false
        },
        "priority": 2
    },
    {
        "id": 370,
        "action": {
            "type": "block"
        },
        "condition": {
            "urlFilter": "||maxtraffic.com",
            "domainType": "thirdParty",
            "isUrlFilterCaseSensitive": false
        },
        "priority": 2
    },
    {
        "id": 371,
        "action": {
            "type": "block"
        },
        "condition": {
            "urlFilter": "||maxtraffic.eu",
            "domainType": "thirdParty",
            "isUrlFilterCaseSensitive": false
        },
        "priority": 2
    },
    {
        "id": 372,
        "action": {
            "type": "block"
        },
        "condition": {
            "urlFilter": "||mediaindex.ee",
            "domainType": "thirdParty",
            "isUrlFilterCaseSensitive": false
        },
        "priority": 2
    },
    {
        "id": 373,
        "action": {
            "type": "block"
        },
        "condition": {
            "urlFilter": "||mediaplex.com",
            "domainType": "thirdParty",
            "isUrlFilterCaseSensitive": false
        },
        "priority": 2
    },
    {
        "id": 374,
        "action": {
            "type": "block"
        },
        "condition": {
            "urlFilter": "||metaffiliation.com",
            "domainType": "thirdParty",
            "isUrlFilterCaseSensitive": false
        },
        "priority": 2
    },
    {
        "id": 375,
        "action": {
            "type": "block"
        },
        "condition": {
            "urlFilter": "||msads.net",
            "domainType": "thirdParty",
            "isUrlFilterCaseSensitive": false
        },
        "priority": 2
    },
    {
        "id": 376,
        "action": {
            "type": "block"
        },
        "condition": {
            "urlFilter": "||neoffic.com",
            "domainType": "thirdParty",
            "isUrlFilterCaseSensitive": false
        },
        "priority": 2
    },
    {
        "id": 377,
        "action": {
            "type": "block"
        },
        "condition": {
            "urlFilter": "||netaffiliation.com",
            "domainType": "thirdParty",
            "isUrlFilterCaseSensitive": false
        },
        "priority": 2
    },
    {
        "id": 378,
        "action": {
            "type": "block"
        },
        "condition": {
            "urlFilter": "||neti.ee/reklaam",
            "isUrlFilterCaseSensitive": false
        },
        "priority": 1
    },
    {
        "id": 379,
        "action": {
            "type": "block"
        },
        "condition": {
            "urlFilter": "||netsales.pl",
            "domainType": "thirdParty",
            "isUrlFilterCaseSensitive": false
        },
        "priority": 2
    },
    {
        "id": 380,
        "action": {
            "type": "block"
        },
        "condition": {
            "urlFilter": "||newrelic.com",
            "domainType": "thirdParty",
            "isUrlFilterCaseSensitive": false
        },
        "priority": 2
    },
    {
        "id": 381,
        "action": {
            "type": "block"
        },
        "condition": {
            "urlFilter": "||novem.pl",
            "domainType": "thirdParty",
            "isUrlFilterCaseSensitive": false
        },
        "priority": 2
    },
    {
        "id": 382,
        "action": {
            "type": "block"
        },
        "condition": {
            "urlFilter": "||olark.com",
            "domainType": "thirdParty",
            "isUrlFilterCaseSensitive": false
        },
        "priority": 2
    },
    {
        "id": 383,
        "action": {
            "type": "block"
        },
        "condition": {
            "urlFilter": "||onthe.io",
            "domainType": "thirdParty",
            "isUrlFilterCaseSensitive": false
        },
        "priority": 2
    },
    {
        "id": 384,
        "action": {
            "type": "block"
        },
        "condition": {
            "urlFilter": "||openx.org",
            "domainType": "thirdParty",
            "isUrlFilterCaseSensitive": false
        },
        "priority": 2
    },
    {
        "id": 385,
        "action": {
            "type": "block"
        },
        "condition": {
            "urlFilter": "||overture.com",
            "domainType": "thirdParty",
            "isUrlFilterCaseSensitive": false
        },
        "priority": 2
    },
    {
        "id": 386,
        "action": {
            "type": "block"
        },
        "condition": {
            "urlFilter": "||oxado.com",
            "domainType": "thirdParty",
            "isUrlFilterCaseSensitive": false
        },
        "priority": 2
    },
    {
        "id": 387,
        "action": {
            "type": "block"
        },
        "condition": {
            "urlFilter": "||pakkumised.ee",
            "domainType": "thirdParty",
            "isUrlFilterCaseSensitive": false
        },
        "priority": 2
    },
    {
        "id": 388,
        "action": {
            "type": "block"
        },
        "condition": {
            "urlFilter": "||pardot.com",
            "domainType": "thirdParty",
            "isUrlFilterCaseSensitive": false
        },
        "priority": 2
    },
    {
        "id": 389,
        "action": {
            "type": "block"
        },
        "condition": {
            "urlFilter": "||passion.com",
            "domainType": "thirdParty",
            "isUrlFilterCaseSensitive": false
        },
        "priority": 2
    },
    {
        "id": 390,
        "action": {
            "type": "block"
        },
        "condition": {
            "urlFilter": "||pcads.ru",
            "domainType": "thirdParty",
            "isUrlFilterCaseSensitive": false
        },
        "priority": 2
    },
    {
        "id": 391,
        "action": {
            "type": "block"
        },
        "condition": {
            "urlFilter": "||perefoorum.ee/banner",
            "isUrlFilterCaseSensitive": false
        },
        "priority": 1
    },
    {
        "id": 392,
        "action": {
            "type": "block"
        },
        "condition": {
            "urlFilter": "||perekool.ee/banners",
            "isUrlFilterCaseSensitive": false
        },
        "priority": 1
    },
    {
        "id": 393,
        "action": {
            "type": "block"
        },
        "condition": {
            "urlFilter": "||pheedo.com",
            "domainType": "thirdParty",
            "isUrlFilterCaseSensitive": false
        },
        "priority": 2
    },
    {
        "id": 394,
        "action": {
            "type": "block"
        },
        "condition": {
            "urlFilter": "||pop6.com",
            "domainType": "thirdParty",
            "isUrlFilterCaseSensitive": false
        },
        "priority": 2
    },
    {
        "id": 395,
        "action": {
            "type": "block"
        },
        "condition": {
            "urlFilter": "||pro-9.com",
            "domainType": "thirdParty",
            "isUrlFilterCaseSensitive": false
        },
        "priority": 2
    },
    {
        "id": 396,
        "action": {
            "type": "block"
        },
        "condition": {
            "urlFilter": "||pro-market.net",
            "domainType": "thirdParty",
            "isUrlFilterCaseSensitive": false
        },
        "priority": 2
    },
    {
        "id": 397,
        "action": {
            "type": "block"
        },
        "condition": {
            "urlFilter": "||realmedia.com",
            "domainType": "thirdParty",
            "isUrlFilterCaseSensitive": false
        },
        "priority": 2
    },
    {
        "id": 399,
        "action": {
            "type": "block"
        },
        "condition": {
            "urlFilter": "||reklaam.keskus.ee",
            "domainType": "thirdParty",
            "isUrlFilterCaseSensitive": false
        },
        "priority": 2
    },
    {
        "id": 400,
        "action": {
            "type": "block"
        },
        "condition": {
            "urlFilter": "||reklaam.nagi.ee",
            "domainType": "thirdParty",
            "isUrlFilterCaseSensitive": false
        },
        "priority": 2
    },
    {
        "id": 402,
        "action": {
            "type": "block"
        },
        "condition": {
            "urlFilter": "||relevant.fi",
            "domainType": "thirdParty",
            "isUrlFilterCaseSensitive": false
        },
        "priority": 2
    },
    {
        "id": 403,
        "action": {
            "type": "block"
        },
        "condition": {
            "urlFilter": "||rmxads.com",
            "domainType": "thirdParty",
            "isUrlFilterCaseSensitive": false
        },
        "priority": 2
    },
    {
        "id": 404,
        "action": {
            "type": "block"
        },
        "condition": {
            "urlFilter": "||roiservice.com",
            "domainType": "thirdParty",
            "isUrlFilterCaseSensitive": false
        },
        "priority": 2
    },
    {
        "id": 405,
        "action": {
            "type": "block"
        },
        "condition": {
            "urlFilter": "||scorecardresearch.com",
            "domainType": "thirdParty",
            "isUrlFilterCaseSensitive": false
        },
        "priority": 2
    },
    {
        "id": 406,
        "action": {
            "type": "block"
        },
        "condition": {
            "urlFilter": "||searchco.com",
            "domainType": "thirdParty",
            "isUrlFilterCaseSensitive": false
        },
        "priority": 2
    },
    {
        "id": 407,
        "action": {
            "type": "block"
        },
        "condition": {
            "urlFilter": "||serving-sys.com",
            "domainType": "thirdParty",
            "isUrlFilterCaseSensitive": false
        },
        "priority": 2
    },
    {
        "id": 408,
        "action": {
            "type": "block"
        },
        "condition": {
            "urlFilter": "||sexinyourcity.com",
            "domainType": "thirdParty",
            "isUrlFilterCaseSensitive": false
        },
        "priority": 2
    },
    {
        "id": 409,
        "action": {
            "type": "block"
        },
        "condition": {
            "urlFilter": "||smartad.ee",
            "domainType": "thirdParty",
            "isUrlFilterCaseSensitive": false
        },
        "priority": 2
    },
    {
        "id": 410,
        "action": {
            "type": "block"
        },
        "condition": {
            "urlFilter": "||smartadserver.com",
            "domainType": "thirdParty",
            "isUrlFilterCaseSensitive": false
        },
        "priority": 2
    },
    {
        "id": 411,
        "action": {
            "type": "block"
        },
        "condition": {
            "urlFilter": "||sn00.net",
            "domainType": "thirdParty",
            "isUrlFilterCaseSensitive": false
        },
        "priority": 2
    },
    {
        "id": 412,
        "action": {
            "type": "block"
        },
        "condition": {
            "urlFilter": "||specificclick.net",
            "domainType": "thirdParty",
            "isUrlFilterCaseSensitive": false
        },
        "priority": 2
    },
    {
        "id": 413,
        "action": {
            "type": "block"
        },
        "condition": {
            "urlFilter": "||spring-tns.net",
            "domainType": "thirdParty",
            "isUrlFilterCaseSensitive": false
        },
        "priority": 2
    },
    {
        "id": 414,
        "action": {
            "type": "block"
        },
        "condition": {
            "urlFilter": "||spylog.com",
            "domainType": "thirdParty",
            "isUrlFilterCaseSensitive": false
        },
        "priority": 2
    },
    {
        "id": 415,
        "action": {
            "type": "block"
        },
        "condition": {
            "urlFilter": "||spylog.ru",
            "domainType": "thirdParty",
            "isUrlFilterCaseSensitive": false
        },
        "priority": 2
    },
    {
        "id": 416,
        "action": {
            "type": "block"
        },
        "condition": {
            "urlFilter": "||starwave.com",
            "domainType": "thirdParty",
            "isUrlFilterCaseSensitive": false
        },
        "priority": 2
    },
    {
        "id": 417,
        "action": {
            "type": "block"
        },
        "condition": {
            "urlFilter": "||static.chilli.ee",
            "domainType": "thirdParty",
            "isUrlFilterCaseSensitive": false
        },
        "priority": 2
    },
    {
        "id": 418,
        "action": {
            "type": "block"
        },
        "condition": {
            "urlFilter": "||statistik-gallup.net",
            "domainType": "thirdParty",
            "isUrlFilterCaseSensitive": false
        },
        "priority": 2
    },
    {
        "id": 419,
        "action": {
            "type": "block"
        },
        "condition": {
            "urlFilter": "||streamray.com",
            "domainType": "thirdParty",
            "isUrlFilterCaseSensitive": false
        },
        "priority": 2
    },
    {
        "id": 420,
        "action": {
            "type": "block"
        },
        "condition": {
            "urlFilter": "||sweetmedia.org",
            "domainType": "thirdParty",
            "isUrlFilterCaseSensitive": false
        },
        "priority": 2
    },
    {
        "id": 421,
        "action": {
            "type": "block"
        },
        "condition": {
            "urlFilter": "||tacoda.net",
            "domainType": "thirdParty",
            "isUrlFilterCaseSensitive": false
        },
        "priority": 2
    },
    {
        "id": 422,
        "action": {
            "type": "block"
        },
        "condition": {
            "urlFilter": "||teasernet.com",
            "domainType": "thirdParty",
            "isUrlFilterCaseSensitive": false
        },
        "priority": 2
    },
    {
        "id": 423,
        "action": {
            "type": "block"
        },
        "condition": {
            "urlFilter": "||textads.ee",
            "domainType": "thirdParty",
            "isUrlFilterCaseSensitive": false
        },
        "priority": 2
    },
    {
        "id": 424,
        "action": {
            "type": "block"
        },
        "condition": {
            "urlFilter": "||tns-counter.ru",
            "domainType": "thirdParty",
            "isUrlFilterCaseSensitive": false
        },
        "priority": 2
    },
    {
        "id": 425,
        "action": {
            "type": "block"
        },
        "condition": {
            "urlFilter": "||toidutare.ee/img/ads",
            "isUrlFilterCaseSensitive": false
        },
        "priority": 1
    },
    {
        "id": 426,
        "action": {
            "type": "block"
        },
        "condition": {
            "urlFilter": "||traceworks.com",
            "domainType": "thirdParty",
            "isUrlFilterCaseSensitive": false
        },
        "priority": 2
    },
    {
        "id": 427,
        "action": {
            "type": "block"
        },
        "condition": {
            "urlFilter": "||trackalyzer.com",
            "domainType": "thirdParty",
            "isUrlFilterCaseSensitive": false
        },
        "priority": 2
    },
    {
        "id": 428,
        "action": {
            "type": "block"
        },
        "condition": {
            "urlFilter": "||tradedoubler.com",
            "domainType": "thirdParty",
            "isUrlFilterCaseSensitive": false
        },
        "priority": 2
    },
    {
        "id": 429,
        "action": {
            "type": "block"
        },
        "condition": {
            "urlFilter": "||trafficjunky.net",
            "domainType": "thirdParty",
            "isUrlFilterCaseSensitive": false
        },
        "priority": 2
    },
    {
        "id": 430,
        "action": {
            "type": "block"
        },
        "condition": {
            "urlFilter": "||tribalfusion.com",
            "domainType": "thirdParty",
            "isUrlFilterCaseSensitive": false
        },
        "priority": 2
    },
    {
        "id": 431,
        "action": {
            "type": "block"
        },
        "condition": {
            "urlFilter": "||trigger.ee",
            "domainType": "thirdParty",
            "isUrlFilterCaseSensitive": false
        },
        "priority": 2
    },
    {
        "id": 432,
        "action": {
            "type": "block"
        },
        "condition": {
            "urlFilter": "||ui-portal.de^",
            "domainType": "thirdParty",
            "excludedInitiatorDomains": [
                "mail.com",
                "gmx.com"
            ],
            "isUrlFilterCaseSensitive": false
        },
        "priority": 3
    },
    {
        "id": 433,
        "action": {
            "type": "block"
        },
        "condition": {
            "urlFilter": "||uimserv.net",
            "domainType": "thirdParty",
            "isUrlFilterCaseSensitive": false
        },
        "priority": 2
    },
    {
        "id": 434,
        "action": {
            "type": "block"
        },
        "condition": {
            "urlFilter": "||underclick.ru",
            "domainType": "thirdParty",
            "isUrlFilterCaseSensitive": false
        },
        "priority": 2
    },
    {
        "id": 435,
        "action": {
            "type": "block"
        },
        "condition": {
            "urlFilter": "||v.postimees.ee/proxy-ads/*",
            "isUrlFilterCaseSensitive": false
        },
        "priority": 1
    },
    {
        "id": 436,
        "action": {
            "type": "block"
        },
        "condition": {
            "urlFilter": "||ventivmedia.com",
            "domainType": "thirdParty",
            "isUrlFilterCaseSensitive": false
        },
        "priority": 2
    },
    {
        "id": 437,
        "action": {
            "type": "block"
        },
        "condition": {
            "urlFilter": "||viglink.com",
            "domainType": "thirdParty",
            "isUrlFilterCaseSensitive": false
        },
        "priority": 2
    },
    {
        "id": 438,
        "action": {
            "type": "block"
        },
        "condition": {
            "urlFilter": "||way2traffic.com",
            "domainType": "thirdParty",
            "isUrlFilterCaseSensitive": false
        },
        "priority": 2
    },
    {
        "id": 439,
        "action": {
            "type": "block"
        },
        "condition": {
            "urlFilter": "||webtrendslive.com",
            "domainType": "thirdParty",
            "isUrlFilterCaseSensitive": false
        },
        "priority": 2
    },
    {
        "id": 440,
        "action": {
            "type": "block"
        },
        "condition": {
            "urlFilter": "||wsod.com",
            "domainType": "thirdParty",
            "isUrlFilterCaseSensitive": false
        },
        "priority": 2
    },
    {
        "id": 441,
        "action": {
            "type": "block"
        },
        "condition": {
            "urlFilter": "||www.postimees.ee/newsletter/block",
            "isUrlFilterCaseSensitive": false
        },
        "priority": 1
    },
    {
        "id": 442,
        "action": {
            "type": "block"
        },
        "condition": {
            "urlFilter": "||xgraph.net",
            "domainType": "thirdParty",
            "isUrlFilterCaseSensitive": false
        },
        "priority": 2
    },
    {
        "id": 443,
        "action": {
            "type": "block"
        },
        "condition": {
            "urlFilter": "||xiti.com",
            "domainType": "thirdParty",
            "isUrlFilterCaseSensitive": false
        },
        "priority": 2
    },
    {
        "id": 444,
        "action": {
            "type": "block"
        },
        "condition": {
            "urlFilter": "||xtendmedia.com",
            "domainType": "thirdParty",
            "isUrlFilterCaseSensitive": false
        },
        "priority": 2
    },
    {
        "id": 445,
        "action": {
            "type": "block"
        },
        "condition": {
            "urlFilter": "||yadro.ru",
            "domainType": "thirdParty",
            "isUrlFilterCaseSensitive": false
        },
        "priority": 2
    },
    {
        "id": 446,
        "action": {
            "type": "block"
        },
        "condition": {
            "urlFilter": "||yceml.net",
            "domainType": "thirdParty",
            "isUrlFilterCaseSensitive": false
        },
        "priority": 2
    },
    {
        "id": 447,
        "action": {
            "type": "block"
        },
        "condition": {
            "urlFilter": "||yieldmanager.com",
            "domainType": "thirdParty",
            "isUrlFilterCaseSensitive": false
        },
        "priority": 2
    },
    {
        "id": 448,
        "action": {
            "type": "block"
        },
        "condition": {
            "urlFilter": "||ytsa.net",
            "domainType": "thirdParty",
            "isUrlFilterCaseSensitive": false
        },
        "priority": 2
    },
    {
        "id": 449,
        "action": {
            "type": "block"
        },
        "condition": {
            "urlFilter": "||yyr.ee/images/banners",
            "isUrlFilterCaseSensitive": false
        },
        "priority": 1
    },
    {
        "id": 450,
        "action": {
            "type": "block"
        },
        "condition": {
            "urlFilter": "||zangocash.com",
            "domainType": "thirdParty",
            "isUrlFilterCaseSensitive": false
        },
        "priority": 2
    },
    {
        "id": 451,
        "action": {
            "type": "block"
        },
        "condition": {
            "urlFilter": "||zanox-affiliate.de",
            "domainType": "thirdParty",
            "isUrlFilterCaseSensitive": false
        },
        "priority": 2
    },
    {
        "id": 452,
        "action": {
            "type": "block"
        },
        "condition": {
            "urlFilter": "||zedo.com",
            "domainType": "thirdParty",
            "isUrlFilterCaseSensitive": false
        },
        "priority": 2
    },
    {
        "id": 453,
        "action": {
            "type": "block"
        },
        "condition": {
            "urlFilter": "||ztod.com",
            "domainType": "thirdParty",
            "isUrlFilterCaseSensitive": false
        },
        "priority": 2
    }
]