[
    {
        "id": 1627,
        "action": {
            "type": "allow"
        },
        "condition": {
            "urlFilter": "||googletagmanager.com/gtm.js",
            "initiatorDomains": [
                "muropaketti.com",
                "arvopaperi.fi",
                "kauppalehti.fi",
                "mediuutiset.fi",
                "mikrobitti.fi",
                "talouselama.fi",
                "tekniikkatalous.fi",
                "tivi.fi",
                "uusisuomi.fi"
            ],
            "resourceTypes": [
                "script"
            ],
            "isUrlFilterCaseSensitive": false
        },
        "priority": 101000
    },
    {
        "id": 1621,
        "action": {
            "type": "allow"
        },
        "condition": {
            "urlFilter": "||conductrics.com^",
            "initiatorDomains": [
                "elisa.fi"
            ],
            "resourceTypes": [
                "script"
            ],
            "isUrlFilterCaseSensitive": false
        },
        "priority": 101000
    },
    {
        "id": 1649,
        "action": {
            "type": "allow"
        },
        "condition": {
            "urlFilter": "||adobedtm.com^",
            "initiatorDomains": [
                "verkkopalvelu.turva.fi"
            ],
            "resourceTypes": [
                "script"
            ],
            "isUrlFilterCaseSensitive": false
        },
        "priority": 101000
    },
    {
        "id": 1679,
        "action": {
            "type": "allow"
        },
        "condition": {
            "urlFilter": "||securepubads.g.doubleclick.net/pagead/managed/js/gpt/*/pubads_impl.js",
            "initiatorDomains": [
                "telsu.fi"
            ],
            "resourceTypes": [
                "script"
            ],
            "isUrlFilterCaseSensitive": false
        },
        "priority": 101000
    },
    {
        "id": 84,
        "action": {
            "type": "redirect",
            "redirect": {
                "extensionPath": "/web_accessible_resources/nooptext.js"
            }
        },
        "condition": {
            "urlFilter": "||adservice.google.com/adsid/integrator.js",
            "initiatorDomains": [
                "telsu.fi"
            ],
            "resourceTypes": [
                "xmlhttprequest"
            ],
            "isUrlFilterCaseSensitive": false
        },
        "priority": 1301
    },
    {
        "id": 85,
        "action": {
            "type": "redirect",
            "redirect": {
                "extensionPath": "/web_accessible_resources/nooptext.js"
            }
        },
        "condition": {
            "urlFilter": "||doubleclick.net^",
            "initiatorDomains": [
                "puhekupla.com"
            ],
            "resourceTypes": [
                "xmlhttprequest"
            ],
            "isUrlFilterCaseSensitive": false
        },
        "priority": 1301
    },
    {
        "id": 86,
        "action": {
            "type": "block"
        },
        "condition": {
            "urlFilter": "||elisa.digital.nuance.com/tagserver/js/ads-blocking-detector.min.js",
            "initiatorDomains": [
                "elisa.fi"
            ],
            "isUrlFilterCaseSensitive": false
        },
        "priority": 201
    },
    {
        "id": 115,
        "action": {
            "type": "allow"
        },
        "condition": {
            "urlFilter": "||fi-mtv3.videoplaza.tv/proxy/distributor",
            "initiatorDomains": [
                "mtv.fi",
                "mtvuutiset.fi"
            ],
            "isUrlFilterCaseSensitive": false
        },
        "priority": 100151
    },
    {
        "id": 122,
        "action": {
            "type": "block"
        },
        "condition": {
            "urlFilter": "||cloudfront.net/creatives/assets/",
            "initiatorDomains": [
                "mtv.fi",
                "mtvuutiset.fi"
            ],
            "resourceTypes": [
                "image"
            ],
            "isUrlFilterCaseSensitive": false
        },
        "priority": 251
    },
    {
        "id": 123,
        "action": {
            "type": "redirect",
            "redirect": {
                "extensionPath": "/web_accessible_resources/noopmp3.mp3"
            }
        },
        "condition": {
            "urlFilter": "||cloudfront.net/creatives/assets/*.mp4",
            "initiatorDomains": [
                "mtv.fi",
                "mtvuutiset.fi"
            ],
            "resourceTypes": [
                "media"
            ],
            "isUrlFilterCaseSensitive": false
        },
        "priority": 1251
    },
    {
        "id": 124,
        "action": {
            "type": "block"
        },
        "condition": {
            "urlFilter": "||fi-mtv3.videoplaza.tv/proxy/distributor/*&xpb=1",
            "initiatorDomains": [
                "mtv.fi",
                "mtvuutiset.fi"
            ],
            "resourceTypes": [
                "xmlhttprequest"
            ],
            "isUrlFilterCaseSensitive": false
        },
        "priority": 1000251
    },
    {
        "id": 125,
        "action": {
            "type": "allow"
        },
        "condition": {
            "urlFilter": "||fwmrm.net/ad/g/*mtv",
            "initiatorDomains": [
                "mtv.fi",
                "mtvuutiset.fi"
            ],
            "resourceTypes": [
                "xmlhttprequest"
            ],
            "isUrlFilterCaseSensitive": false
        },
        "priority": 100251
    },
    {
        "id": 134,
        "action": {
            "type": "block"
        },
        "condition": {
            "urlFilter": "/bannerCounter.php",
            "isUrlFilterCaseSensitive": false
        },
        "priority": 1
    },
    {
        "id": 135,
        "action": {
            "type": "block"
        },
        "condition": {
            "urlFilter": "/js/spring.js",
            "isUrlFilterCaseSensitive": false
        },
        "priority": 1
    },
    {
        "id": 136,
        "action": {
            "type": "block"
        },
        "condition": {
            "urlFilter": "/karuselli/js/AgAdCarousel",
            "isUrlFilterCaseSensitive": false
        },
        "priority": 1
    },
    {
        "id": 137,
        "action": {
            "type": "block"
        },
        "condition": {
            "urlFilter": "/mainokset.",
            "isUrlFilterCaseSensitive": false
        },
        "priority": 1
    },
    {
        "id": 138,
        "action": {
            "type": "block"
        },
        "condition": {
            "urlFilter": "/mainokset/*",
            "isUrlFilterCaseSensitive": false
        },
        "priority": 1
    },
    {
        "id": 139,
        "action": {
            "type": "block"
        },
        "condition": {
            "urlFilter": "/mainokset_",
            "isUrlFilterCaseSensitive": false
        },
        "priority": 1
    },
    {
        "id": 140,
        "action": {
            "type": "block"
        },
        "condition": {
            "urlFilter": "/mainos.",
            "isUrlFilterCaseSensitive": false
        },
        "priority": 1
    },
    {
        "id": 141,
        "action": {
            "type": "block"
        },
        "condition": {
            "urlFilter": "/mainos/*",
            "isUrlFilterCaseSensitive": false
        },
        "priority": 1
    },
    {
        "id": 142,
        "action": {
            "type": "block"
        },
        "condition": {
            "urlFilter": "/mainos_",
            "isUrlFilterCaseSensitive": false
        },
        "priority": 1
    },
    {
        "id": 143,
        "action": {
            "type": "block"
        },
        "condition": {
            "urlFilter": "/mainosbanneri.",
            "isUrlFilterCaseSensitive": false
        },
        "priority": 1
    },
    {
        "id": 144,
        "action": {
            "type": "block"
        },
        "condition": {
            "urlFilter": "/mainosbanneri/*",
            "isUrlFilterCaseSensitive": false
        },
        "priority": 1
    },
    {
        "id": 145,
        "action": {
            "type": "block"
        },
        "condition": {
            "urlFilter": "/mainosbanneri_",
            "isUrlFilterCaseSensitive": false
        },
        "priority": 1
    },
    {
        "id": 146,
        "action": {
            "type": "block"
        },
        "condition": {
            "urlFilter": "/mainosbannerit.",
            "isUrlFilterCaseSensitive": false
        },
        "priority": 1
    },
    {
        "id": 147,
        "action": {
            "type": "block"
        },
        "condition": {
            "urlFilter": "/mainosbannerit/*",
            "isUrlFilterCaseSensitive": false
        },
        "priority": 1
    },
    {
        "id": 148,
        "action": {
            "type": "block"
        },
        "condition": {
            "urlFilter": "/mainosbannerit_",
            "isUrlFilterCaseSensitive": false
        },
        "priority": 1
    },
    {
        "id": 149,
        "action": {
            "type": "block"
        },
        "condition": {
            "urlFilter": "/mainoskaruselli.",
            "isUrlFilterCaseSensitive": false
        },
        "priority": 1
    },
    {
        "id": 150,
        "action": {
            "type": "block"
        },
        "condition": {
            "urlFilter": "/mainoskaruselli/*",
            "isUrlFilterCaseSensitive": false
        },
        "priority": 1
    },
    {
        "id": 151,
        "action": {
            "type": "block"
        },
        "condition": {
            "urlFilter": "/mainoskaruselli_yli",
            "isUrlFilterCaseSensitive": false
        },
        "priority": 1
    },
    {
        "id": 152,
        "action": {
            "type": "block"
        },
        "condition": {
            "urlFilter": "/mainosmokkula/*",
            "resourceTypes": [
                "image"
            ],
            "isUrlFilterCaseSensitive": false
        },
        "priority": 101
    },
    {
        "id": 153,
        "action": {
            "type": "block"
        },
        "condition": {
            "urlFilter": "/sivulaskuri",
            "isUrlFilterCaseSensitive": false
        },
        "priority": 1
    },
    {
        "id": 154,
        "action": {
            "type": "block"
        },
        "condition": {
            "urlFilter": "/sponsorit.",
            "isUrlFilterCaseSensitive": false
        },
        "priority": 1
    },
    {
        "id": 155,
        "action": {
            "type": "block"
        },
        "condition": {
            "urlFilter": "/sponsorit/*",
            "isUrlFilterCaseSensitive": false
        },
        "priority": 1
    },
    {
        "id": 156,
        "action": {
            "type": "block"
        },
        "condition": {
            "urlFilter": "/sponsorit_",
            "isUrlFilterCaseSensitive": false
        },
        "priority": 1
    },
    {
        "id": 157,
        "action": {
            "type": "block"
        },
        "condition": {
            "urlFilter": "/yhteistyokumppanit.",
            "isUrlFilterCaseSensitive": false
        },
        "priority": 1
    },
    {
        "id": 158,
        "action": {
            "type": "block"
        },
        "condition": {
            "urlFilter": "/yhteistyokumppanit/*",
            "isUrlFilterCaseSensitive": false
        },
        "priority": 1
    },
    {
        "id": 159,
        "action": {
            "type": "block"
        },
        "condition": {
            "urlFilter": "/yhteistyokumppanit_",
            "isUrlFilterCaseSensitive": false
        },
        "priority": 1
    },
    {
        "id": 160,
        "action": {
            "type": "block"
        },
        "condition": {
            "urlFilter": "/yhteistyossa.",
            "isUrlFilterCaseSensitive": false
        },
        "priority": 1
    },
    {
        "id": 161,
        "action": {
            "type": "block"
        },
        "condition": {
            "urlFilter": "/yhteistyossa/*",
            "isUrlFilterCaseSensitive": false
        },
        "priority": 1
    },
    {
        "id": 162,
        "action": {
            "type": "block"
        },
        "condition": {
            "urlFilter": "/yhteistyossa_",
            "isUrlFilterCaseSensitive": false
        },
        "priority": 1
    },
    {
        "id": 163,
        "action": {
            "type": "block"
        },
        "condition": {
            "urlFilter": "_mainos.",
            "isUrlFilterCaseSensitive": false
        },
        "priority": 1
    },
    {
        "id": 164,
        "action": {
            "type": "block"
        },
        "condition": {
            "urlFilter": "_mainosnappi.",
            "isUrlFilterCaseSensitive": false
        },
        "priority": 1
    },
    {
        "id": 1392,
        "action": {
            "type": "block"
        },
        "condition": {
            "urlFilter": "/*-mainos-",
            "initiatorDomains": [
                "futisfani.com",
                "kiekkofani.com",
                "omalahio.fi",
                "penkkiurheilu.com",
                "uutisankka.com"
            ],
            "resourceTypes": [
                "image"
            ],
            "isUrlFilterCaseSensitive": false
        },
        "priority": 221
    },
    {
        "id": 1393,
        "action": {
            "type": "block"
        },
        "condition": {
            "urlFilter": "/a-ylabannerit",
            "initiatorDomains": [
                "apteekkari.fi"
            ],
            "resourceTypes": [
                "image"
            ],
            "isUrlFilterCaseSensitive": false
        },
        "priority": 301
    },
    {
        "id": 1394,
        "action": {
            "type": "block"
        },
        "condition": {
            "urlFilter": "/b-suurbannerit-uutisvirrassa",
            "initiatorDomains": [
                "apteekkari.fi"
            ],
            "resourceTypes": [
                "image"
            ],
            "isUrlFilterCaseSensitive": false
        },
        "priority": 301
    },
    {
        "id": 1395,
        "action": {
            "type": "block"
        },
        "condition": {
            "urlFilter": "/common-column-ads",
            "initiatorDomains": [
                "seutumajakka.fi"
            ],
            "resourceTypes": [
                "xmlhttprequest"
            ],
            "isUrlFilterCaseSensitive": false
        },
        "priority": 301
    },
    {
        "id": 1399,
        "action": {
            "type": "block"
        },
        "condition": {
            "urlFilter": "/macro.adnami.io",
            "initiatorDomains": [
                "futisfani.com",
                "kiekkofani.com",
                "penkkiurheilu.com",
                "uutisankka.com"
            ],
            "resourceTypes": [
                "script"
            ],
            "isUrlFilterCaseSensitive": false
        },
        "priority": 226
    },
    {
        "id": 1400,
        "action": {
            "type": "block"
        },
        "condition": {
            "urlFilter": "/neoproxy.dll",
            "initiatorDomains": [
                "pkank.fi"
            ],
            "resourceTypes": [
                "xmlhttprequest"
            ],
            "isUrlFilterCaseSensitive": false
        },
        "priority": 301
    },
    {
        "id": 1401,
        "action": {
            "type": "block"
        },
        "condition": {
            "urlFilter": "/pop_media_*_fi_inarticle",
            "initiatorDomains": [
                "episodi.fi",
                "rumba.fi",
                "tilt.fi"
            ],
            "resourceTypes": [
                "script"
            ],
            "isUrlFilterCaseSensitive": false
        },
        "priority": 235
    },
    {
        "id": 1402,
        "action": {
            "type": "block"
        },
        "condition": {
            "urlFilter": "/prerolls/*.mp4",
            "initiatorDomains": [
                "gamereactor.fi"
            ],
            "isUrlFilterCaseSensitive": false
        },
        "priority": 201
    },
    {
        "id": 1409,
        "action": {
            "type": "block"
        },
        "condition": {
            "urlFilter": "/wp-content/uploads/*/HymyAlibi*_300x300_",
            "initiatorDomains": [
                "alibi.fi",
                "hymy.fi"
            ],
            "resourceTypes": [
                "image"
            ],
            "isUrlFilterCaseSensitive": false
        },
        "priority": 251
    },
    {
        "id": 1410,
        "action": {
            "type": "block"
        },
        "condition": {
            "urlFilter": "/wp-content/uploads/pum/*",
            "initiatorDomains": [
                "futisfani.com",
                "kiekkofani.com",
                "penkkiurheilu.com",
                "uutisankka.com"
            ],
            "isUrlFilterCaseSensitive": false
        },
        "priority": 126
    },
    {
        "id": 1411,
        "action": {
            "type": "block"
        },
        "condition": {
            "urlFilter": "_300x300_*.mp4",
            "initiatorDomains": [
                "futisfani.com",
                "kiekkofani.com",
                "penkkiurheilu.com",
                "uutisankka.com"
            ],
            "resourceTypes": [
                "media"
            ],
            "isUrlFilterCaseSensitive": false
        },
        "priority": 226
    },
    {
        "id": 1412,
        "action": {
            "type": "block"
        },
        "condition": {
            "urlFilter": "||aamuset.fi/Content/app/img/Latkaliiga_banneri.jpg",
            "resourceTypes": [
                "image"
            ],
            "isUrlFilterCaseSensitive": false
        },
        "priority": 101
    },
    {
        "id": 1413,
        "action": {
            "type": "block"
        },
        "condition": {
            "urlFilter": "||ad.citycdn.fi^",
            "domainType": "thirdParty",
            "isUrlFilterCaseSensitive": false
        },
        "priority": 2
    },
    {
        "id": 1414,
        "action": {
            "type": "block"
        },
        "condition": {
            "urlFilter": "||ad.ilcdn.fi^",
            "domainType": "thirdParty",
            "isUrlFilterCaseSensitive": false
        },
        "priority": 2
    },
    {
        "id": 1415,
        "action": {
            "type": "block"
        },
        "condition": {
            "urlFilter": "||affiliate.guts.com^",
            "domainType": "thirdParty",
            "isUrlFilterCaseSensitive": false
        },
        "priority": 2
    },
    {
        "id": 1416,
        "action": {
            "type": "block"
        },
        "condition": {
            "urlFilter": "||affiliatesolution.se^",
            "initiatorDomains": [
                "ykkoslohja.fi"
            ],
            "isUrlFilterCaseSensitive": false
        },
        "priority": 201
    },
    {
        "id": 1417,
        "action": {
            "type": "block"
        },
        "condition": {
            "urlFilter": "||alibi.fi/wp-content/uploads/2018/03/AL_sivupalkin_myyntiviesti2.jpg",
            "resourceTypes": [
                "image"
            ],
            "isUrlFilterCaseSensitive": false
        },
        "priority": 101
    },
    {
        "id": 1418,
        "action": {
            "type": "block"
        },
        "condition": {
            "urlFilter": "||ap-online.media.fi/scripts/eneo*.dll",
            "initiatorDomains": [
                "aamuposti.fi",
                "helsinginuutiset.fi",
                "karkkilantienoo.fi",
                "keski-uusimaa.fi",
                "lansi-uusimaa.fi",
                "lansivayla.fi",
                "lappeenrannanuutiset.fi",
                "lopenlehti.fi",
                "loviisansanomat.fi",
                "mantsalanuutiset.fi",
                "nurmijarvenuutiset.fi",
                "pyhtaanlehti.fi",
                "seinajoensanomat.fi",
                "sipoonsanomat.fi",
                "tamperelainen.fi",
                "turkulainen.fi",
                "uusimaa.fi",
                "vantaansanomat.fi",
                "vihdinuutiset.fi"
            ],
            "resourceTypes": [
                "script"
            ],
            "isUrlFilterCaseSensitive": false
        },
        "priority": 207
    },
    {
        "id": 1419,
        "action": {
            "type": "block"
        },
        "condition": {
            "urlFilter": "||api.etuovi.com/bad/wings/v2/kisu",
            "initiatorDomains": [
                "uusisuomi.fi"
            ],
            "isUrlFilterCaseSensitive": false
        },
        "priority": 201
    },
    {
        "id": 1420,
        "action": {
            "type": "block"
        },
        "condition": {
            "urlFilter": "||apps.sandviks.com/apix?x-method=ElementService.selectAdvertiserElement",
            "initiatorDomains": [
                "vau.fi"
            ],
            "resourceTypes": [
                "script"
            ],
            "isUrlFilterCaseSensitive": false
        },
        "priority": 301
    },
    {
        "id": 1421,
        "action": {
            "type": "block"
        },
        "condition": {
            "urlFilter": "||asuntorauma.fi/iframe/uusimmat",
            "initiatorDomains": [
                "ls24.fi"
            ],
            "resourceTypes": [
                "sub_frame"
            ],
            "isUrlFilterCaseSensitive": false
        },
        "priority": 301
    },
    {
        "id": 1422,
        "action": {
            "type": "block"
        },
        "condition": {
            "urlFilter": "||auto1.fi^",
            "domainType": "thirdParty",
            "isUrlFilterCaseSensitive": false
        },
        "priority": 2
    },
    {
        "id": 1423,
        "action": {
            "type": "block"
        },
        "condition": {
            "urlFilter": "||bittiraha.fi/app/themes/bittiraha-theme/assets/images/bittiraha_coinmotion_banner",
            "resourceTypes": [
                "image"
            ],
            "isUrlFilterCaseSensitive": false
        },
        "priority": 101
    },
    {
        "id": 1424,
        "action": {
            "type": "block"
        },
        "condition": {
            "urlFilter": "||bittiraha.fi/app/uploads/*/bittimaatti*_banner",
            "resourceTypes": [
                "image"
            ],
            "isUrlFilterCaseSensitive": false
        },
        "priority": 101
    },
    {
        "id": 1425,
        "action": {
            "type": "block"
        },
        "condition": {
            "urlFilter": "||blogit.fi/ext/",
            "initiatorDomains": [
                "blogit.fi"
            ],
            "resourceTypes": [
                "image"
            ],
            "isUrlFilterCaseSensitive": false
        },
        "priority": 301
    },
    {
        "id": 1426,
        "action": {
            "type": "block"
        },
        "condition": {
            "urlFilter": "||c1.hinta.fi^",
            "domainType": "thirdParty",
            "resourceTypes": [
                "script"
            ],
            "isUrlFilterCaseSensitive": false
        },
        "priority": 102
    },
    {
        "id": 1427,
        "action": {
            "type": "block"
        },
        "condition": {
            "urlFilter": "||caravan-lehti.fi/media/Carado-matkailuauto.",
            "initiatorDomains": [
                "caravan-lehti.fi"
            ],
            "resourceTypes": [
                "image"
            ],
            "isUrlFilterCaseSensitive": false
        },
        "priority": 301
    },
    {
        "id": 1428,
        "action": {
            "type": "block"
        },
        "condition": {
            "urlFilter": "||carousel-prod-kaleva-fi.s3.amazonaws.com^",
            "domainType": "thirdParty",
            "isUrlFilterCaseSensitive": false
        },
        "priority": 2
    },
    {
        "id": 1429,
        "action": {
            "type": "block"
        },
        "condition": {
            "urlFilter": "||cdn.bluebillywig.com/apps/player/",
            "initiatorDomains": [
                "gekkonen.net",
                "hevosurheilu.fi"
            ],
            "resourceTypes": [
                "script"
            ],
            "isUrlFilterCaseSensitive": false
        },
        "priority": 251
    },
    {
        "id": 1430,
        "action": {
            "type": "block"
        },
        "condition": {
            "urlFilter": "||celtra.com^",
            "domainType": "thirdParty",
            "isUrlFilterCaseSensitive": false
        },
        "priority": 2
    },
    {
        "id": 1431,
        "action": {
            "type": "block"
        },
        "condition": {
            "urlFilter": "||cfapi.voikukka.fi/graphql?operationName=CitrusAd&",
            "initiatorDomains": [
                "s-kaupat.fi"
            ],
            "resourceTypes": [
                "xmlhttprequest"
            ],
            "isUrlFilterCaseSensitive": false
        },
        "priority": 301
    },
    {
        "id": 1432,
        "action": {
            "type": "block"
        },
        "condition": {
            "urlFilter": "||cjar.a-lehdet.fi^",
            "domainType": "thirdParty",
            "isUrlFilterCaseSensitive": false
        },
        "priority": 2
    },
    {
        "id": 1433,
        "action": {
            "type": "block"
        },
        "condition": {
            "urlFilter": "||cloudfront.net/images/backgroundimages/backgroundimage^",
            "domainType": "thirdParty",
            "isUrlFilterCaseSensitive": false
        },
        "priority": 2
    },
    {
        "id": 1434,
        "action": {
            "type": "block"
        },
        "condition": {
            "urlFilter": "||cloudfront.net/poppartners/",
            "resourceTypes": [
                "script"
            ],
            "isUrlFilterCaseSensitive": false
        },
        "priority": 101
    },
    {
        "id": 1435,
        "action": {
            "type": "block"
        },
        "condition": {
            "urlFilter": "||deals.innocode.no/api/public/v1/widgets",
            "initiatorDomains": [
                "aland.com",
                "alandstidningen.ax",
                "enontekionsanomat.fi",
                "inarilainen.fi",
                "kainuunsanomat.fi",
                "kittilalehti.fi",
                "kotilappi.fi",
                "kuhmolainen.fi",
                "luoteis-lappi.fi",
                "saariselansanomat.fi",
                "sompio.fi",
                "sotkamolehti.fi",
                "ylakainuu.fi"
            ],
            "isUrlFilterCaseSensitive": false
        },
        "priority": 109
    },
    {
        "id": 1436,
        "action": {
            "type": "block"
        },
        "condition": {
            "urlFilter": "||deals.kledjut.com^",
            "initiatorDomains": [
                "viranomaisuutiset.fi"
            ],
            "isUrlFilterCaseSensitive": false
        },
        "priority": 201
    },
    {
        "id": 1437,
        "action": {
            "type": "block"
        },
        "condition": {
            "urlFilter": "||dropbox.com/*usbanner.gif",
            "initiatorDomains": [
                "urbaanisanakirja.com"
            ],
            "resourceTypes": [
                "image"
            ],
            "isUrlFilterCaseSensitive": false
        },
        "priority": 301
    },
    {
        "id": 1438,
        "action": {
            "type": "block"
        },
        "condition": {
            "urlFilter": "||elmotv.com/wp-content/uploads/*/stake-banneri-",
            "initiatorDomains": [
                "elmotv.com"
            ],
            "resourceTypes": [
                "image"
            ],
            "isUrlFilterCaseSensitive": false
        },
        "priority": 301
    },
    {
        "id": 1439,
        "action": {
            "type": "block"
        },
        "condition": {
            "urlFilter": "||etn.fi/images/banners/",
            "resourceTypes": [
                "image"
            ],
            "isUrlFilterCaseSensitive": false
        },
        "priority": 101
    },
    {
        "id": 1440,
        "action": {
            "type": "block"
        },
        "condition": {
            "urlFilter": "||expekt.com^",
            "domainType": "thirdParty",
            "isUrlFilterCaseSensitive": false
        },
        "priority": 2
    },
    {
        "id": 1441,
        "action": {
            "type": "block"
        },
        "condition": {
            "urlFilter": "||feed.autotalli.com/bannerdata/html/*.html",
            "resourceTypes": [
                "sub_frame"
            ],
            "isUrlFilterCaseSensitive": false
        },
        "priority": 101
    },
    {
        "id": 1442,
        "action": {
            "type": "block"
        },
        "condition": {
            "urlFilter": "||feed.etuovi.com/etuovi/html/*.html",
            "resourceTypes": [
                "sub_frame"
            ],
            "isUrlFilterCaseSensitive": false
        },
        "priority": 101
    },
    {
        "id": 1443,
        "action": {
            "type": "block"
        },
        "condition": {
            "urlFilter": "||fundingchoicesmessages.google.com^",
            "initiatorDomains": [
                "telsu.fi"
            ],
            "resourceTypes": [
                "script"
            ],
            "isUrlFilterCaseSensitive": false
        },
        "priority": 301
    },
    {
        "id": 1444,
        "action": {
            "type": "block"
        },
        "condition": {
            "urlFilter": "||gamereactor.fi^*/videojs.ads.js",
            "initiatorDomains": [
                "gamereactor.fi"
            ],
            "resourceTypes": [
                "script"
            ],
            "isUrlFilterCaseSensitive": false
        },
        "priority": 301
    },
    {
        "id": 1445,
        "action": {
            "type": "block"
        },
        "condition": {
            "urlFilter": "||hifimaailma.fi/neodirect/static/*/karuselli",
            "resourceTypes": [
                "image"
            ],
            "isUrlFilterCaseSensitive": false
        },
        "priority": 101
    },
    {
        "id": 1446,
        "action": {
            "type": "block"
        },
        "condition": {
            "urlFilter": "||hintaopas.fi^",
            "domainType": "thirdParty",
            "isUrlFilterCaseSensitive": false
        },
        "priority": 2
    },
    {
        "id": 1447,
        "action": {
            "type": "block"
        },
        "condition": {
            "urlFilter": "||hintaseuranta.fi/*/tripsteri_boxes/",
            "resourceTypes": [
                "sub_frame"
            ],
            "isUrlFilterCaseSensitive": false
        },
        "priority": 101
    },
    {
        "id": 1448,
        "action": {
            "type": "block"
        },
        "condition": {
            "urlFilter": "||honestpartners.com^",
            "domainType": "thirdParty",
            "isUrlFilterCaseSensitive": false
        },
        "priority": 2
    },
    {
        "id": 1449,
        "action": {
            "type": "block"
        },
        "condition": {
            "urlFilter": "||hymy.fi/wp-content/uploads/2018/03/HY_sivupalkin_myyntiviesti2.jpg",
            "resourceTypes": [
                "image"
            ],
            "isUrlFilterCaseSensitive": false
        },
        "priority": 101
    },
    {
        "id": 1450,
        "action": {
            "type": "block"
        },
        "condition": {
            "urlFilter": "||hymy.fi/wp-content/uploads/2022/11/nicorette_hymy.jpg",
            "resourceTypes": [
                "image"
            ],
            "isUrlFilterCaseSensitive": false
        },
        "priority": 101
    },
    {
        "id": 1451,
        "action": {
            "type": "block"
        },
        "condition": {
            "urlFilter": "||hymy.fi/wp-content/uploads/2023/05/Nicorette2023_4_300x300.jpg",
            "initiatorDomains": [
                "hymy.fi"
            ],
            "resourceTypes": [
                "image"
            ],
            "isUrlFilterCaseSensitive": false
        },
        "priority": 301
    },
    {
        "id": 1452,
        "action": {
            "type": "block"
        },
        "condition": {
            "urlFilter": "||ig.fi/bannerit/koronabanneri.png",
            "resourceTypes": [
                "image"
            ],
            "isUrlFilterCaseSensitive": false
        },
        "priority": 101
    },
    {
        "id": 1453,
        "action": {
            "type": "block"
        },
        "condition": {
            "urlFilter": "||improveads.fi^",
            "domainType": "thirdParty",
            "isUrlFilterCaseSensitive": false
        },
        "priority": 2
    },
    {
        "id": 1454,
        "action": {
            "type": "block"
        },
        "condition": {
            "urlFilter": "||io-tech.fi/images/*_290x290px.png",
            "resourceTypes": [
                "image"
            ],
            "isUrlFilterCaseSensitive": false
        },
        "priority": 101
    },
    {
        "id": 1455,
        "action": {
            "type": "block"
        },
        "condition": {
            "urlFilter": "||is.fi/kampanjat/taloussanomat/startel_600x300px.jpg",
            "initiatorDomains": [
                "is.fi"
            ],
            "resourceTypes": [
                "image"
            ],
            "isUrlFilterCaseSensitive": false
        },
        "priority": 301
    },
    {
        "id": 1456,
        "action": {
            "type": "block"
        },
        "condition": {
            "urlFilter": "||kaasujalka.fi/assets/banners/",
            "initiatorDomains": [
                "kaasujalka.fi"
            ],
            "resourceTypes": [
                "image"
            ],
            "isUrlFilterCaseSensitive": false
        },
        "priority": 301
    },
    {
        "id": 1457,
        "action": {
            "type": "block"
        },
        "condition": {
            "urlFilter": "||kake.fi^",
            "domainType": "thirdParty",
            "isUrlFilterCaseSensitive": false
        },
        "priority": 2
    },
    {
        "id": 1458,
        "action": {
            "type": "block"
        },
        "condition": {
            "urlFilter": "||kaksplus.fi/upotukset/hintaopas^",
            "isUrlFilterCaseSensitive": false
        },
        "priority": 1
    },
    {
        "id": 1459,
        "action": {
            "type": "block"
        },
        "condition": {
            "urlFilter": "||kaksplus.fi/wp-json/feeds/ad-feed",
            "initiatorDomains": [
                "keskustelu.kaksplus.fi"
            ],
            "resourceTypes": [
                "xmlhttprequest"
            ],
            "isUrlFilterCaseSensitive": false
        },
        "priority": 301
    },
    {
        "id": 1460,
        "action": {
            "type": "block"
        },
        "condition": {
            "urlFilter": "||kalamies.com/?_dnid=",
            "initiatorDomains": [
                "kalamies.com"
            ],
            "resourceTypes": [
                "sub_frame"
            ],
            "isUrlFilterCaseSensitive": false
        },
        "priority": 301
    },
    {
        "id": 1461,
        "action": {
            "type": "block"
        },
        "condition": {
            "urlFilter": "||kampanjat.is.fi/alennuskoodit-promo/index.html",
            "initiatorDomains": [
                "is.fi"
            ],
            "resourceTypes": [
                "sub_frame"
            ],
            "isUrlFilterCaseSensitive": false
        },
        "priority": 301
    },
    {
        "id": 1462,
        "action": {
            "type": "block"
        },
        "condition": {
            "urlFilter": "||karjalainen.fi/images/banners/kiinnostuitko",
            "initiatorDomains": [
                "karjalainen.fi"
            ],
            "resourceTypes": [
                "image"
            ],
            "isUrlFilterCaseSensitive": false
        },
        "priority": 301
    },
    {
        "id": 1463,
        "action": {
            "type": "block"
        },
        "condition": {
            "urlFilter": "||kelkkalehti.com/bannerit/",
            "initiatorDomains": [
                "kelkkalehti.com"
            ],
            "resourceTypes": [
                "image"
            ],
            "isUrlFilterCaseSensitive": false
        },
        "priority": 301
    },
    {
        "id": 1464,
        "action": {
            "type": "block"
        },
        "condition": {
            "urlFilter": "||keskustelu.pakkotoisto.com/bannerit/",
            "initiatorDomains": [
                "keskustelu.pakkotoisto.com"
            ],
            "resourceTypes": [
                "image"
            ],
            "isUrlFilterCaseSensitive": false
        },
        "priority": 301
    },
    {
        "id": 1465,
        "action": {
            "type": "block"
        },
        "condition": {
            "urlFilter": "||kinuskikissa.fi/wp-content/uploads/*kumppani_*.gif",
            "initiatorDomains": [
                "kinuskikissa.fi"
            ],
            "resourceTypes": [
                "image"
            ],
            "isUrlFilterCaseSensitive": false
        },
        "priority": 301
    },
    {
        "id": 1466,
        "action": {
            "type": "block"
        },
        "condition": {
            "urlFilter": "||kiuruvesilehti.fi/wp-content/uploads/*kampanja_banneri.png",
            "initiatorDomains": [
                "kiuruvesilehti.fi"
            ],
            "resourceTypes": [
                "image"
            ],
            "isUrlFilterCaseSensitive": false
        },
        "priority": 301
    },
    {
        "id": 1467,
        "action": {
            "type": "block"
        },
        "condition": {
            "urlFilter": "||koeajolle.com/wp-content/uploads/*/blue-billboard-*.jpg",
            "initiatorDomains": [
                "koeajolle.com"
            ],
            "resourceTypes": [
                "image"
            ],
            "isUrlFilterCaseSensitive": false
        },
        "priority": 301
    },
    {
        "id": 1468,
        "action": {
            "type": "block"
        },
        "condition": {
            "urlFilter": "||koeajolle.com/wp-content/uploads/*/blue-rect-*.jpg",
            "initiatorDomains": [
                "koeajolle.com"
            ],
            "resourceTypes": [
                "image"
            ],
            "isUrlFilterCaseSensitive": false
        },
        "priority": 301
    },
    {
        "id": 1469,
        "action": {
            "type": "block"
        },
        "condition": {
            "urlFilter": "||koeajolle.com/wp-content/uploads/*/pop-vakuutus-alennuskoodi.png",
            "initiatorDomains": [
                "koeajolle.com"
            ],
            "resourceTypes": [
                "image"
            ],
            "isUrlFilterCaseSensitive": false
        },
        "priority": 301
    },
    {
        "id": 1470,
        "action": {
            "type": "block"
        },
        "condition": {
            "urlFilter": "||kotikarjala.fi/eneo?tem=ndap_ilmoitus&",
            "initiatorDomains": [
                "kotikarjala.fi"
            ],
            "resourceTypes": [
                "xmlhttprequest"
            ],
            "isUrlFilterCaseSensitive": false
        },
        "priority": 301
    },
    {
        "id": 1471,
        "action": {
            "type": "block"
        },
        "condition": {
            "urlFilter": "||kotiliesi.fi/upotukset/hintaopas/",
            "initiatorDomains": [
                "tekniikanmaailma.fi"
            ],
            "isUrlFilterCaseSensitive": false
        },
        "priority": 201
    },
    {
        "id": 1472,
        "action": {
            "type": "block"
        },
        "condition": {
            "urlFilter": "||kuvake.net/js/bannerloader.js",
            "initiatorDomains": [
                "kuvake.net"
            ],
            "resourceTypes": [
                "script"
            ],
            "isUrlFilterCaseSensitive": false
        },
        "priority": 301
    },
    {
        "id": 1473,
        "action": {
            "type": "block"
        },
        "condition": {
            "urlFilter": "||laitilansanomat.fi^*/gallery/mainos*/",
            "initiatorDomains": [
                "laitilansanomat.fi"
            ],
            "resourceTypes": [
                "image"
            ],
            "isUrlFilterCaseSensitive": false
        },
        "priority": 301
    },
    {
        "id": 1474,
        "action": {
            "type": "block"
        },
        "condition": {
            "urlFilter": "||lbaanijakuva.fi/test/*?template=prisjakt",
            "initiatorDomains": [
                "lbaanijakuva.fi"
            ],
            "isUrlFilterCaseSensitive": false
        },
        "priority": 201
    },
    {
        "id": 1475,
        "action": {
            "type": "block"
        },
        "condition": {
            "urlFilter": "||m.riemurasia.net/reklaami.php",
            "initiatorDomains": [
                "m.riemurasia.net"
            ],
            "resourceTypes": [
                "sub_frame"
            ],
            "isUrlFilterCaseSensitive": false
        },
        "priority": 301
    },
    {
        "id": 1476,
        "action": {
            "type": "block"
        },
        "condition": {
            "urlFilter": "||matkaendurot.net/images/*banner,domain=matkaendurot.net",
            "isUrlFilterCaseSensitive": false
        },
        "priority": 1
    },
    {
        "id": 1477,
        "action": {
            "type": "block"
        },
        "condition": {
            "urlFilter": "||med.etoro.com^",
            "initiatorDomains": [
                "ykkoslohja.fi"
            ],
            "isUrlFilterCaseSensitive": false
        },
        "priority": 201
    },
    {
        "id": 1478,
        "action": {
            "type": "block"
        },
        "condition": {
            "urlFilter": "||media.power-cdn.net/images/pages/orderpage/*-power-huippudiili-*.jpg",
            "resourceTypes": [
                "image"
            ],
            "isUrlFilterCaseSensitive": false
        },
        "priority": 101
    },
    {
        "id": 1479,
        "action": {
            "type": "block"
        },
        "condition": {
            "urlFilter": "||media.vuokraovi.com^",
            "domainType": "thirdParty",
            "isUrlFilterCaseSensitive": false
        },
        "priority": 2
    },
    {
        "id": 1480,
        "action": {
            "type": "block"
        },
        "condition": {
            "urlFilter": "||media.toimitilat.kauppalehti.fi/Image.aspx?f=/banners/",
            "resourceTypes": [
                "image"
            ],
            "isUrlFilterCaseSensitive": false
        },
        "priority": 101
    },
    {
        "id": 1481,
        "action": {
            "type": "block"
        },
        "condition": {
            "urlFilter": "||menyt.azurewebsites.net/public/js/omamainos-widget",
            "initiatorDomains": [
                "akaanseutu.fi",
                "lvs.fi",
                "orivedensanomat.fi",
                "radiosun.fi",
                "shl.fi",
                "ylojarvenuutiset.fi"
            ],
            "resourceTypes": [
                "script"
            ],
            "isUrlFilterCaseSensitive": false
        },
        "priority": 218
    },
    {
        "id": 1482,
        "action": {
            "type": "block"
        },
        "condition": {
            "urlFilter": "||mobiili.fi/wp-content/uploads/2019/08/bms_2019_980x120.jpg",
            "initiatorDomains": [
                "mobiili.fi"
            ],
            "resourceTypes": [
                "image"
            ],
            "isUrlFilterCaseSensitive": false
        },
        "priority": 301
    },
    {
        "id": 1483,
        "action": {
            "type": "block"
        },
        "condition": {
            "urlFilter": "||mvlehti.net/image/adv.jpg",
            "initiatorDomains": [
                "mvlehti.net"
            ],
            "resourceTypes": [
                "image"
            ],
            "isUrlFilterCaseSensitive": false
        },
        "priority": 301
    },
    {
        "id": 1484,
        "action": {
            "type": "block"
        },
        "condition": {
            "urlFilter": "||mvlehti.net/uploads/2021/06/Halvinlaina-Otsikko.jpg",
            "initiatorDomains": [
                "mvlehti.net"
            ],
            "resourceTypes": [
                "image"
            ],
            "isUrlFilterCaseSensitive": false
        },
        "priority": 301
    },
    {
        "id": 1485,
        "action": {
            "type": "block"
        },
        "condition": {
            "urlFilter": "||nayadaya.com^",
            "domainType": "thirdParty",
            "isUrlFilterCaseSensitive": false
        },
        "priority": 2
    },
    {
        "id": 1486,
        "action": {
            "type": "block"
        },
        "condition": {
            "urlFilter": "||nettiauto.com/en/ampparitBanner*.php",
            "initiatorDomains": [
                "ampparit.com"
            ],
            "resourceTypes": [
                "sub_frame"
            ],
            "isUrlFilterCaseSensitive": false
        },
        "priority": 301
    },
    {
        "id": 1487,
        "action": {
            "type": "block"
        },
        "condition": {
            "urlFilter": "||no-cache.hubspot.com/cta/",
            "initiatorDomains": [
                "sijoittaja.fi"
            ],
            "resourceTypes": [
                "image"
            ],
            "isUrlFilterCaseSensitive": false
        },
        "priority": 301
    },
    {
        "id": 1488,
        "action": {
            "type": "block"
        },
        "condition": {
            "urlFilter": "||nostemedia.bbvms.com^",
            "domainType": "thirdParty",
            "resourceTypes": [
                "script"
            ],
            "isUrlFilterCaseSensitive": false
        },
        "priority": 102
    },
    {
        "id": 1489,
        "action": {
            "type": "block"
        },
        "condition": {
            "urlFilter": "||nyt.tassa.fi/ctxwidget/ipCtxWidget.js",
            "initiatorDomains": [
                "ilkkapohjalainen.fi"
            ],
            "resourceTypes": [
                "script"
            ],
            "isUrlFilterCaseSensitive": false
        },
        "priority": 301
    },
    {
        "id": 1490,
        "action": {
            "type": "block"
        },
        "condition": {
            "urlFilter": "||otavamedia.fi/ad/",
            "resourceTypes": [
                "script"
            ],
            "isUrlFilterCaseSensitive": false
        },
        "priority": 101
    },
    {
        "id": 1491,
        "action": {
            "type": "block"
        },
        "condition": {
            "urlFilter": "||pirkkalainen.com/images/mainospaikat/3.jpg",
            "initiatorDomains": [
                "pirkkalainen.com"
            ],
            "resourceTypes": [
                "image"
            ],
            "isUrlFilterCaseSensitive": false
        },
        "priority": 301
    },
    {
        "id": 1492,
        "action": {
            "type": "block"
        },
        "condition": {
            "urlFilter": "||proshop.fi/Content/*/leadFamly.bundle.js",
            "initiatorDomains": [
                "proshop.fi"
            ],
            "resourceTypes": [
                "script"
            ],
            "isUrlFilterCaseSensitive": false
        },
        "priority": 301
    },
    {
        "id": 1493,
        "action": {
            "type": "block"
        },
        "condition": {
            "urlFilter": "||rakentaja.fi/kuvat/esitykset/bannerit/*_Keittiomaailma-schibsted-*-kampanja",
            "initiatorDomains": [
                "rakentaja.fi"
            ],
            "resourceTypes": [
                "image"
            ],
            "isUrlFilterCaseSensitive": false
        },
        "priority": 301
    },
    {
        "id": 1494,
        "action": {
            "type": "block"
        },
        "condition": {
            "urlFilter": "||rantapallo.fi^",
            "domainType": "thirdParty",
            "isUrlFilterCaseSensitive": false
        },
        "priority": 2
    },
    {
        "id": 1495,
        "action": {
            "type": "block"
        },
        "condition": {
            "urlFilter": "||recommendations.asunnot.oikotie.fi^",
            "initiatorDomains": [
                "is.fi"
            ],
            "isUrlFilterCaseSensitive": false
        },
        "priority": 201
    },
    {
        "id": 1496,
        "action": {
            "type": "block"
        },
        "condition": {
            "urlFilter": "||retkilehti.fi^*/Calazo_Banner_",
            "initiatorDomains": [
                "retkilehti.fi"
            ],
            "resourceTypes": [
                "image"
            ],
            "isUrlFilterCaseSensitive": false
        },
        "priority": 301
    },
    {
        "id": 1497,
        "action": {
            "type": "block"
        },
        "condition": {
            "urlFilter": "||revimages.motouutiset.fi^",
            "domainType": "thirdParty",
            "isUrlFilterCaseSensitive": false
        },
        "priority": 2
    },
    {
        "id": 1498,
        "action": {
            "type": "block"
        },
        "condition": {
            "urlFilter": "||ridemedia.fi/aspbanner",
            "initiatorDomains": [
                "ridemedia.fi"
            ],
            "isUrlFilterCaseSensitive": false
        },
        "priority": 201
    },
    {
        "id": 1499,
        "action": {
            "type": "block"
        },
        "condition": {
            "urlFilter": "||riemurasia.net/js/ads.js",
            "resourceTypes": [
                "script"
            ],
            "isUrlFilterCaseSensitive": false
        },
        "priority": 101
    },
    {
        "id": 1500,
        "action": {
            "type": "block"
        },
        "condition": {
            "urlFilter": "||riistalehti.fi^*/Haix-Nature-Camo-",
            "initiatorDomains": [
                "riistalehti.fi"
            ],
            "resourceTypes": [
                "image"
            ],
            "isUrlFilterCaseSensitive": false
        },
        "priority": 301
    },
    {
        "id": 1501,
        "action": {
            "type": "block"
        },
        "condition": {
            "urlFilter": "||riistalehti.fi^*_Banner_Retki_Nature_Camo_",
            "initiatorDomains": [
                "riistalehti.fi"
            ],
            "resourceTypes": [
                "image"
            ],
            "isUrlFilterCaseSensitive": false
        },
        "priority": 301
    },
    {
        "id": 1502,
        "action": {
            "type": "block"
        },
        "condition": {
            "urlFilter": "||script.ilcdn.fi/etua-lainalaskuri/etua-lainalaskuri.min.js",
            "initiatorDomains": [
                "iltalehti.fi"
            ],
            "resourceTypes": [
                "script"
            ],
            "isUrlFilterCaseSensitive": false
        },
        "priority": 301
    },
    {
        "id": 1503,
        "action": {
            "type": "block"
        },
        "condition": {
            "urlFilter": "||seksitreffit.fi/*popunder.js",
            "initiatorDomains": [
                "seksitreffit.fi"
            ],
            "resourceTypes": [
                "script"
            ],
            "isUrlFilterCaseSensitive": false
        },
        "priority": 301
    },
    {
        "id": 1504,
        "action": {
            "type": "block"
        },
        "condition": {
            "urlFilter": "||seksitreffit.fi/banners/",
            "initiatorDomains": [
                "seksitreffit.fi"
            ],
            "isUrlFilterCaseSensitive": false
        },
        "priority": 201
    },
    {
        "id": 1505,
        "action": {
            "type": "block"
        },
        "condition": {
            "urlFilter": "||sf.nm-ovp.nelonenmedia.fi/player/games/ruutu-player-loader.js",
            "initiatorDomains": [
                "10kysymysta.fi",
                "alypaa.com"
            ],
            "resourceTypes": [
                "script"
            ],
            "isUrlFilterCaseSensitive": false
        },
        "priority": 251
    },
    {
        "id": 1506,
        "action": {
            "type": "block"
        },
        "condition": {
            "urlFilter": "||strongbox.nostemedia.fi^",
            "domainType": "thirdParty",
            "resourceTypes": [
                "script"
            ],
            "isUrlFilterCaseSensitive": false
        },
        "priority": 102
    },
    {
        "id": 1507,
        "action": {
            "type": "block"
        },
        "condition": {
            "urlFilter": "||superskills.fi/fi*?isIframe=true",
            "resourceTypes": [
                "sub_frame"
            ],
            "isUrlFilterCaseSensitive": false
        },
        "priority": 101
    },
    {
        "id": 1508,
        "action": {
            "type": "block"
        },
        "condition": {
            "urlFilter": "||testeri.fi/ext_telsu",
            "resourceTypes": [
                "sub_frame"
            ],
            "isUrlFilterCaseSensitive": false
        },
        "priority": 101
    },
    {
        "id": 1509,
        "action": {
            "type": "block"
        },
        "condition": {
            "urlFilter": "||testeri.fi/inc/museokortti.png",
            "resourceTypes": [
                "image"
            ],
            "isUrlFilterCaseSensitive": false
        },
        "priority": 101
    },
    {
        "id": 1510,
        "action": {
            "type": "block"
        },
        "condition": {
            "urlFilter": "||tiketti.fi/tiedostot/*/Tiketti*_Paraati_",
            "initiatorDomains": [
                "tiketti.fi"
            ],
            "resourceTypes": [
                "image"
            ],
            "isUrlFilterCaseSensitive": false
        },
        "priority": 301
    },
    {
        "id": 1511,
        "action": {
            "type": "block"
        },
        "condition": {
            "urlFilter": "||tohtorille.fi/Content/img/op-banners/",
            "resourceTypes": [
                "image"
            ],
            "isUrlFilterCaseSensitive": false
        },
        "priority": 101
    },
    {
        "id": 1512,
        "action": {
            "type": "block"
        },
        "condition": {
            "urlFilter": "||tori.fi/*banner",
            "initiatorDomains": [
                "moottori.fi"
            ],
            "isUrlFilterCaseSensitive": false
        },
        "priority": 201
    },
    {
        "id": 1513,
        "action": {
            "type": "block"
        },
        "condition": {
            "urlFilter": "||ts.fi/adframe.js",
            "initiatorDomains": [
                "ts.fi"
            ],
            "resourceTypes": [
                "script"
            ],
            "isUrlFilterCaseSensitive": false
        },
        "priority": 301
    },
    {
        "id": 1514,
        "action": {
            "type": "block"
        },
        "condition": {
            "urlFilter": "||urbaanisanakirja.com/static/img/portsaad.png",
            "resourceTypes": [
                "image"
            ],
            "isUrlFilterCaseSensitive": false
        },
        "priority": 101
    },
    {
        "id": 1515,
        "action": {
            "type": "block"
        },
        "condition": {
            "urlFilter": "||vauva.fi/modules/custom/vauva_cts/modules/vauva_cts_native/js/vauva_cts_native.js",
            "initiatorDomains": [
                "vauva.fi"
            ],
            "resourceTypes": [
                "script"
            ],
            "isUrlFilterCaseSensitive": false
        },
        "priority": 301
    },
    {
        "id": 1516,
        "action": {
            "type": "block"
        },
        "condition": {
            "urlFilter": "||vertaa.fi^*/showads.js",
            "initiatorDomains": [
                "vertaa.fi"
            ],
            "resourceTypes": [
                "script"
            ],
            "isUrlFilterCaseSensitive": false
        },
        "priority": 301
    },
    {
        "id": 1517,
        "action": {
            "type": "block"
        },
        "condition": {
            "urlFilter": "||vg.is.fi/autotie-is-*/",
            "resourceTypes": [
                "sub_frame"
            ],
            "isUrlFilterCaseSensitive": false
        },
        "priority": 101
    },
    {
        "id": 1580,
        "action": {
            "type": "block"
        },
        "condition": {
            "urlFilter": "||com-wakedynamite-production-publish.s3.amazonaws.com/publish/",
            "resourceTypes": [
                "media"
            ],
            "isUrlFilterCaseSensitive": false
        },
        "priority": 101
    },
    {
        "id": 1581,
        "action": {
            "type": "block"
        },
        "condition": {
            "urlFilter": "||dwk14raokkwxv.cloudfront.net/sanomafi/media/*.mp4",
            "isUrlFilterCaseSensitive": false
        },
        "priority": 1
    },
    {
        "id": 1582,
        "action": {
            "type": "block"
        },
        "condition": {
            "urlFilter": "||freewheel-jitt.sanoma.fi^",
            "resourceTypes": [
                "media"
            ],
            "isUrlFilterCaseSensitive": false
        },
        "priority": 101
    },
    {
        "id": 1583,
        "action": {
            "type": "block"
        },
        "condition": {
            "urlFilter": "||nelonenmedia-pmd-ads-*.nm-stream.nelonenmedia.fi^",
            "resourceTypes": [
                "media"
            ],
            "isUrlFilterCaseSensitive": false
        },
        "priority": 101
    },
    {
        "id": 1589,
        "action": {
            "type": "allow"
        },
        "condition": {
            "urlFilter": "||adserve.adcoin.com/display/ad_block/",
            "initiatorDomains": [
                "verkkouutiset.fi"
            ],
            "resourceTypes": [
                "xmlhttprequest"
            ],
            "isUrlFilterCaseSensitive": false
        },
        "priority": 100301
    },
    {
        "id": 1592,
        "action": {
            "type": "redirect",
            "redirect": {
                "extensionPath": "/web_accessible_resources/noopmp3.mp3"
            }
        },
        "condition": {
            "urlFilter": "||freewheel-jitt.sanoma.fi^",
            "initiatorDomains": [
                "ruutu.fi"
            ],
            "resourceTypes": [
                "media"
            ],
            "isUrlFilterCaseSensitive": false
        },
        "priority": 1301
    },
    {
        "id": 1593,
        "action": {
            "type": "redirect",
            "redirect": {
                "extensionPath": "/web_accessible_resources/noopmp3.mp3"
            }
        },
        "condition": {
            "urlFilter": "||nelonenmedia-pmd-ads-*.nm-stream.nelonenmedia.fi^",
            "initiatorDomains": [
                "ruutu.fi",
                "supla.fi"
            ],
            "resourceTypes": [
                "media"
            ],
            "isUrlFilterCaseSensitive": false
        },
        "priority": 1251
    },
    {
        "id": 1594,
        "action": {
            "type": "redirect",
            "redirect": {
                "extensionPath": "/web_accessible_resources/noopmp3.mp3"
            }
        },
        "condition": {
            "urlFilter": "||sanoma-prod.integration-x.com^",
            "initiatorDomains": [
                "ruutu.fi"
            ],
            "resourceTypes": [
                "media"
            ],
            "isUrlFilterCaseSensitive": false
        },
        "priority": 1301
    },
    {
        "id": 1597,
        "action": {
            "type": "block"
        },
        "condition": {
            "urlFilter": "||mobiili.fi/wp-content/themes/mobiilitheme/images/small-loading.gif",
            "isUrlFilterCaseSensitive": false
        },
        "priority": 1
    },
    {
        "id": 1624,
        "action": {
            "type": "allow"
        },
        "condition": {
            "urlFilter": "||click.redditmail.com^",
            "domainType": "firstParty",
            "isUrlFilterCaseSensitive": false
        },
        "priority": 100002
    },
    {
        "id": 1637,
        "action": {
            "type": "allow"
        },
        "condition": {
            "urlFilter": "||salesforceliveagent.com^",
            "initiatorDomains": [
                "oma.posti.fi"
            ],
            "isUrlFilterCaseSensitive": false
        },
        "priority": 100201
    },
    {
        "id": 1638,
        "action": {
            "type": "allow"
        },
        "condition": {
            "urlFilter": "||service.force.com^",
            "initiatorDomains": [
                "oma.posti.fi"
            ],
            "isUrlFilterCaseSensitive": false
        },
        "priority": 100201
    },
    {
        "id": 1641,
        "action": {
            "type": "allow"
        },
        "condition": {
            "urlFilter": "||teliafi-chat.lekane.net",
            "isUrlFilterCaseSensitive": false
        },
        "priority": 100001
    },
    {
        "id": 1645,
        "action": {
            "type": "allow"
        },
        "condition": {
            "urlFilter": "||sf.nm-ovp.nelonenmedia.fi/logger/logger-ini.json",
            "resourceTypes": [
                "xmlhttprequest"
            ],
            "isUrlFilterCaseSensitive": false
        },
        "priority": 100101
    },
    {
        "id": 1652,
        "action": {
            "type": "allowAllRequests"
        },
        "condition": {
            "urlFilter": "||track.adform.net/*dna.fi/",
            "initiatorDomains": [
                "track.adform.net"
            ],
            "resourceTypes": [
                "main_frame"
            ],
            "isUrlFilterCaseSensitive": false
        },
        "priority": 140301
    },
    {
        "id": 1654,
        "action": {
            "type": "allowAllRequests"
        },
        "condition": {
            "urlFilter": "||clk.tradedoubler.com/click*cdon.fi",
            "initiatorDomains": [
                "clk.tradedoubler.com"
            ],
            "resourceTypes": [
                "main_frame"
            ],
            "isUrlFilterCaseSensitive": false
        },
        "priority": 140301
    },
    {
        "id": 1656,
        "action": {
            "type": "allowAllRequests"
        },
        "condition": {
            "urlFilter": "||ad.doubleclick.net/ddm/clk/*coolshop.fi/tuote/",
            "initiatorDomains": [
                "ad.doubleclick.net"
            ],
            "resourceTypes": [
                "main_frame"
            ],
            "isUrlFilterCaseSensitive": false
        },
        "priority": 140301
    },
    {
        "id": 1660,
        "action": {
            "type": "allow"
        },
        "condition": {
            "urlFilter": "||netstat.ayy.fi^",
            "isUrlFilterCaseSensitive": false
        },
        "priority": 100001
    },
    {
        "id": 1662,
        "action": {
            "type": "allow"
        },
        "condition": {
            "urlFilter": "leiki.com/mtv3/mwidget",
            "initiatorDomains": [
                "mtvuutiset.fi"
            ],
            "isUrlFilterCaseSensitive": false
        },
        "priority": 100201
    },
    {
        "id": 1663,
        "action": {
            "type": "allow"
        },
        "condition": {
            "urlFilter": "leiki.com/mtv3/widgets/loader/",
            "initiatorDomains": [
                "mtvuutiset.fi"
            ],
            "isUrlFilterCaseSensitive": false
        },
        "priority": 100201
    },
    {
        "id": 1664,
        "action": {
            "type": "allow"
        },
        "condition": {
            "urlFilter": "||adservicemedia.dk/",
            "initiatorDomains": [
                "mobiili.fi"
            ],
            "resourceTypes": [
                "image"
            ],
            "isUrlFilterCaseSensitive": false
        },
        "priority": 100301
    },
    {
        "id": 1665,
        "action": {
            "type": "allow"
        },
        "condition": {
            "urlFilter": "||googletagmanager.com/gtm.js?",
            "domainType": "thirdParty",
            "initiatorDomains": [
                "elisa.fi"
            ],
            "isUrlFilterCaseSensitive": false
        },
        "priority": 100202
    },
    {
        "id": 1668,
        "action": {
            "type": "allow"
        },
        "condition": {
            "urlFilter": "||leiki.com",
            "initiatorDomains": [
                "etuovi.com",
                "iltalehti.fi"
            ],
            "isUrlFilterCaseSensitive": false
        },
        "priority": 100151
    },
    {
        "id": 1669,
        "action": {
            "type": "allow"
        },
        "condition": {
            "urlFilter": "||power.fi/Umbraco/Api/Tracking/TrackOrder",
            "initiatorDomains": [
                "power.fi"
            ],
            "resourceTypes": [
                "xmlhttprequest"
            ],
            "isUrlFilterCaseSensitive": false
        },
        "priority": 100301
    },
    {
        "id": 1670,
        "action": {
            "type": "allow"
        },
        "condition": {
            "urlFilter": "||seiska.b-cdn.net/Mainos.mp4",
            "initiatorDomains": [
                "seiska.fi"
            ],
            "resourceTypes": [
                "media"
            ],
            "isUrlFilterCaseSensitive": false
        },
        "priority": 100301
    },
    {
        "id": 1671,
        "action": {
            "type": "allow"
        },
        "condition": {
            "urlFilter": "||tags.tiqcdn.com/utag/sanoma-fi/*/utag.js",
            "isUrlFilterCaseSensitive": false
        },
        "priority": 100001
    },
    {
        "id": 1682,
        "action": {
            "type": "allow"
        },
        "condition": {
            "urlFilter": "||/media/banners/*",
            "initiatorDomains": [
                "www.netrauta.fi"
            ],
            "resourceTypes": [
                "image"
            ],
            "isUrlFilterCaseSensitive": false
        },
        "priority": 100301
    },
    {
        "id": 1686,
        "action": {
            "type": "allow"
        },
        "condition": {
            "urlFilter": "||publish.ne.cision.com/",
            "initiatorDomains": [
                "elisa.fi"
            ],
            "resourceTypes": [
                "xmlhttprequest"
            ],
            "isUrlFilterCaseSensitive": false
        },
        "priority": 100301
    },
    {
        "id": 1690,
        "action": {
            "type": "allow"
        },
        "condition": {
            "urlFilter": "||consent.cookiebot.com/uc.js",
            "initiatorDomains": [
                "www.seurakuntalainen.fi"
            ],
            "isUrlFilterCaseSensitive": false
        },
        "priority": 100201
    },
    {
        "id": 1691,
        "action": {
            "type": "allow"
        },
        "condition": {
            "urlFilter": "||consent.cookiebot.com/*/cc.js?renew=true",
            "initiatorDomains": [
                "www.seurakuntalainen.fi"
            ],
            "isUrlFilterCaseSensitive": false
        },
        "priority": 100201
    },
    {
        "id": 1692,
        "action": {
            "type": "allow"
        },
        "condition": {
            "urlFilter": "||consent.cookiebot.com/logconsent.ashx",
            "initiatorDomains": [
                "www.seurakuntalainen.fi"
            ],
            "isUrlFilterCaseSensitive": false
        },
        "priority": 100201
    },
    {
        "id": 1698,
        "action": {
            "type": "allow"
        },
        "condition": {
            "urlFilter": "||srk.fi/*/cookielaw.js",
            "resourceTypes": [
                "script"
            ],
            "isUrlFilterCaseSensitive": false
        },
        "priority": 100101
    },
    {
        "id": 1702,
        "action": {
            "type": "allow"
        },
        "condition": {
            "urlFilter": "||googletagmanager.com/gtm.js",
            "initiatorDomains": [
                "pohjanmaanhyvinvointi.fi"
            ],
            "isUrlFilterCaseSensitive": false
        },
        "priority": 100201
    },
    {
        "id": 87,
        "action": {
            "type": "redirect",
            "redirect": {
                "transform": {
                    "queryTransform": {
                        "removeParams": [
                            "caid"
                        ]
                    }
                }
            }
        },
        "condition": {
            "urlFilter": "||v.fwmrm.net/ad/g/1",
            "isUrlFilterCaseSensitive": false,
            "resourceTypes": [
                "main_frame",
                "sub_frame",
                "stylesheet",
                "script",
                "image",
                "font",
                "object",
                "xmlhttprequest",
                "ping",
                "media",
                "websocket",
                "other"
            ]
        },
        "priority": 1
    },
    {
        "id": 114,
        "action": {
            "type": "redirect",
            "redirect": {
                "transform": {
                    "queryTransform": {
                        "removeParams": [
                            "browser"
                        ]
                    }
                }
            }
        },
        "condition": {
            "urlFilter": "&browser=MozillaFirefox",
            "initiatorDomains": [
                "mtv.fi",
                "mtvuutiset.fi"
            ],
            "resourceTypes": [
                "xmlhttprequest"
            ],
            "isUrlFilterCaseSensitive": false
        },
        "priority": 251
    }
]