[
    {
        "id": 267,
        "action": {
            "type": "block"
        },
        "condition": {
            "requestDomains": [
                "banner.mob.hr",
                "eph-adsjutarnji.cdn.sysbee.net",
                "linker.hr",
                "widgets.jutarnji.hr"
            ]
        },
        "priority": 1
    },
    {
        "id": 265,
        "action": {
            "type": "block"
        },
        "condition": {
            "urlFilter": "||glasistre.hr/SliderBanner^",
            "isUrlFilterCaseSensitive": false
        },
        "priority": 1
    },
    {
        "id": 266,
        "action": {
            "type": "block"
        },
        "condition": {
            "urlFilter": "||avalaads.com^",
            "domainType": "thirdParty",
            "isUrlFilterCaseSensitive": false
        },
        "priority": 2
    },
    {
        "id": 268,
        "action": {
            "type": "block"
        },
        "condition": {
            "urlFilter": "||native.tportal.hr^",
            "domainType": "thirdParty",
            "isUrlFilterCaseSensitive": false
        },
        "priority": 2
    },
    {
        "id": 269,
        "action": {
            "type": "block"
        },
        "condition": {
            "urlFilter": "||lupon.media^",
            "domainType": "thirdParty",
            "isUrlFilterCaseSensitive": false
        },
        "priority": 2
    },
    {
        "id": 270,
        "action": {
            "type": "block"
        },
        "condition": {
            "urlFilter": "||a.mabipa.com^",
            "domainType": "thirdParty",
            "isUrlFilterCaseSensitive": false
        },
        "priority": 2
    },
    {
        "id": 271,
        "action": {
            "type": "block"
        },
        "condition": {
            "urlFilter": "||farmer.ba/files/banners^",
            "resourceTypes": [
                "image"
            ],
            "isUrlFilterCaseSensitive": false
        },
        "priority": 101
    },
    {
        "id": 272,
        "action": {
            "type": "block"
        },
        "condition": {
            "urlFilter": "||nap.ba/storage/userfiles/images/Slike",
            "resourceTypes": [
                "image"
            ],
            "isUrlFilterCaseSensitive": false
        },
        "priority": 101
    },
    {
        "id": 273,
        "action": {
            "type": "block"
        },
        "condition": {
            "urlFilter": "||navidiku.rs/banerslike^",
            "resourceTypes": [
                "image"
            ],
            "isUrlFilterCaseSensitive": false
        },
        "priority": 101
    },
    {
        "id": 274,
        "action": {
            "type": "block"
        },
        "condition": {
            "urlFilter": "||oglasi.rs/serve^",
            "resourceTypes": [
                "image"
            ],
            "isUrlFilterCaseSensitive": false
        },
        "priority": 101
    },
    {
        "id": 275,
        "action": {
            "type": "block"
        },
        "condition": {
            "urlFilter": "||pcpress.rs/pcincludes^",
            "resourceTypes": [
                "image"
            ],
            "isUrlFilterCaseSensitive": false
        },
        "priority": 101
    },
    {
        "id": 276,
        "action": {
            "type": "block"
        },
        "condition": {
            "urlFilter": "||pcpress.rs/video/vesimpex/vesimpex.mp4^",
            "isUrlFilterCaseSensitive": false
        },
        "priority": 1
    },
    {
        "id": 277,
        "action": {
            "type": "block"
        },
        "condition": {
            "urlFilter": "||pcpress.rs/wp-content/baner^",
            "resourceTypes": [
                "image"
            ],
            "isUrlFilterCaseSensitive": false
        },
        "priority": 101
    },
    {
        "id": 278,
        "action": {
            "type": "block"
        },
        "condition": {
            "urlFilter": "||saznajnovo.com/*-baner.jpg^",
            "resourceTypes": [
                "image"
            ],
            "isUrlFilterCaseSensitive": false
        },
        "priority": 101
    },
    {
        "id": 279,
        "action": {
            "type": "block"
        },
        "condition": {
            "urlFilter": "||html-load.com/loader.min.js^",
            "initiatorDomains": [
                "gloria.hr"
            ],
            "isUrlFilterCaseSensitive": false
        },
        "priority": 201
    },
    {
        "id": 280,
        "action": {
            "type": "block"
        },
        "condition": {
            "urlFilter": "||krajina.ba/wp-content/uploads/*/baner-",
            "resourceTypes": [
                "image"
            ],
            "isUrlFilterCaseSensitive": false
        },
        "priority": 101
    },
    {
        "id": 281,
        "action": {
            "type": "block"
        },
        "condition": {
            "urlFilter": "||opcinakupres.ba/images/stories/gsshbz.png^",
            "isUrlFilterCaseSensitive": false
        },
        "priority": 1
    },
    {
        "id": 282,
        "action": {
            "type": "block"
        },
        "condition": {
            "urlFilter": "||opcinakupres.ba/images/stories/Logo",
            "resourceTypes": [
                "image"
            ],
            "isUrlFilterCaseSensitive": false
        },
        "priority": 101
    },
    {
        "id": 283,
        "action": {
            "type": "block"
        },
        "condition": {
            "urlFilter": "||dalmacijadanas.hr/wp-content/banners^",
            "resourceTypes": [
                "image"
            ],
            "isUrlFilterCaseSensitive": false
        },
        "priority": 101
    },
    {
        "id": 284,
        "action": {
            "type": "block"
        },
        "condition": {
            "urlFilter": "||naxi.rs/media/*-naxi-2010x1000-",
            "resourceTypes": [
                "image"
            ],
            "isUrlFilterCaseSensitive": false
        },
        "priority": 101
    },
    {
        "id": 285,
        "action": {
            "type": "block"
        },
        "condition": {
            "urlFilter": "||paragraf.rs/img/*-float-baner.png^",
            "isUrlFilterCaseSensitive": false
        },
        "priority": 1
    },
    {
        "id": 286,
        "action": {
            "type": "block"
        },
        "condition": {
            "urlFilter": "||barinfo.me/wp-content/uploads/*/*Banner-*.gif^",
            "isUrlFilterCaseSensitive": false
        },
        "priority": 1
    },
    {
        "id": 287,
        "action": {
            "type": "block"
        },
        "condition": {
            "urlFilter": "||betwidget.admiralbet.rs^",
            "initiatorDomains": [
                "sportske.net"
            ],
            "resourceTypes": [
                "sub_frame"
            ],
            "isUrlFilterCaseSensitive": false
        },
        "priority": 301
    },
    {
        "id": 288,
        "action": {
            "type": "block"
        },
        "condition": {
            "urlFilter": "||bokanews.me/wp-content/uploads/*.336x280-*.gif^",
            "isUrlFilterCaseSensitive": false
        },
        "priority": 1
    },
    {
        "id": 289,
        "action": {
            "type": "block"
        },
        "condition": {
            "urlFilter": "||onogost.me/wp-content/uploads/*-baner*.png.webp^",
            "isUrlFilterCaseSensitive": false
        },
        "priority": 1
    },
    {
        "id": 290,
        "action": {
            "type": "block"
        },
        "condition": {
            "urlFilter": "||onogost.me/wp-content/uploads/*.gif^",
            "isUrlFilterCaseSensitive": false
        },
        "priority": 1
    },
    {
        "id": 291,
        "action": {
            "type": "block"
        },
        "condition": {
            "urlFilter": "||rtnk.me/files/documents/*Cedis*.gif^",
            "isUrlFilterCaseSensitive": false
        },
        "priority": 1
    },
    {
        "id": 293,
        "action": {
            "type": "block"
        },
        "condition": {
            "urlFilter": "||media.tangosix.rs/*/banner.",
            "resourceTypes": [
                "image"
            ],
            "isUrlFilterCaseSensitive": false
        },
        "priority": 101
    },
    {
        "id": 294,
        "action": {
            "type": "block"
        },
        "condition": {
            "urlFilter": "||infovranjske.rs/ads^",
            "resourceTypes": [
                "image"
            ],
            "isUrlFilterCaseSensitive": false
        },
        "priority": 101
    },
    {
        "id": 295,
        "action": {
            "type": "block"
        },
        "condition": {
            "urlFilter": "||widget.admiral.hr^",
            "domainType": "thirdParty",
            "isUrlFilterCaseSensitive": false
        },
        "priority": 2
    },
    {
        "id": 296,
        "action": {
            "type": "block"
        },
        "condition": {
            "urlFilter": "||traffic.styria.hr^",
            "domainType": "thirdParty",
            "isUrlFilterCaseSensitive": false
        },
        "priority": 2
    },
    {
        "id": 297,
        "action": {
            "type": "block"
        },
        "condition": {
            "urlFilter": "||sk.rs/slike/baneri^",
            "isUrlFilterCaseSensitive": false
        },
        "priority": 1
    },
    {
        "id": 298,
        "action": {
            "type": "block"
        },
        "condition": {
            "urlFilter": "||redakcija.alo.rs^",
            "domainType": "thirdParty",
            "resourceTypes": [
                "image"
            ],
            "isUrlFilterCaseSensitive": false
        },
        "priority": 102
    },
    {
        "id": 299,
        "action": {
            "type": "block"
        },
        "condition": {
            "urlFilter": "||info-ks.net/assets/img/banners^",
            "isUrlFilterCaseSensitive": false
        },
        "priority": 1
    },
    {
        "id": 300,
        "action": {
            "type": "block"
        },
        "condition": {
            "urlFilter": "|https://html-load.com^",
            "domainType": "thirdParty",
            "initiatorDomains": [
                "slobodnadalmacija.hr"
            ],
            "resourceTypes": [
                "script"
            ],
            "isUrlFilterCaseSensitive": false
        },
        "priority": 302
    },
    {
        "id": 301,
        "action": {
            "type": "block"
        },
        "condition": {
            "urlFilter": "||arhivanalitika.hr/*/uploads/*/ICAM_*x",
            "resourceTypes": [
                "image"
            ],
            "isUrlFilterCaseSensitive": false
        },
        "priority": 101
    },
    {
        "id": 302,
        "action": {
            "type": "block"
        },
        "condition": {
            "urlFilter": "||arhivanalitika.hr/*/uploads/*/Bon.hr-*x",
            "resourceTypes": [
                "image"
            ],
            "isUrlFilterCaseSensitive": false
        },
        "priority": 101
    },
    {
        "id": 303,
        "action": {
            "type": "block"
        },
        "condition": {
            "urlFilter": "||klik-slider.morgancode.com^",
            "resourceTypes": [
                "sub_frame"
            ],
            "isUrlFilterCaseSensitive": false
        },
        "priority": 101
    },
    {
        "id": 304,
        "action": {
            "type": "block"
        },
        "condition": {
            "urlFilter": "||cxpublic.com^",
            "domainType": "thirdParty",
            "isUrlFilterCaseSensitive": false
        },
        "priority": 2
    },
    {
        "id": 310,
        "action": {
            "type": "block"
        },
        "condition": {
            "urlFilter": "/image/baneri^",
            "resourceTypes": [
                "image"
            ],
            "isUrlFilterCaseSensitive": false
        },
        "priority": 101
    },
    {
        "id": 317,
        "action": {
            "type": "block"
        },
        "condition": {
            "urlFilter": "/avala-press/*",
            "isUrlFilterCaseSensitive": false
        },
        "priority": 1
    },
    {
        "id": 319,
        "action": {
            "type": "block"
        },
        "condition": {
            "urlFilter": "/ad-space-right.html^",
            "isUrlFilterCaseSensitive": false
        },
        "priority": 1
    },
    {
        "id": 320,
        "action": {
            "type": "block"
        },
        "condition": {
            "urlFilter": "/bannerright/*",
            "isUrlFilterCaseSensitive": false
        },
        "priority": 1
    },
    {
        "id": 321,
        "action": {
            "type": "block"
        },
        "condition": {
            "urlFilter": "/MicroBanner^",
            "isUrlFilterCaseSensitive": false
        },
        "priority": 1
    },
    {
        "id": 339,
        "action": {
            "type": "block"
        },
        "condition": {
            "urlFilter": "||ba/images/banners^",
            "isUrlFilterCaseSensitive": false
        },
        "priority": 1
    },
    {
        "id": 346,
        "action": {
            "type": "block"
        },
        "condition": {
            "urlFilter": "||rs/images/banners^",
            "isUrlFilterCaseSensitive": false
        },
        "priority": 1
    },
    {
        "id": 348,
        "action": {
            "type": "block"
        },
        "condition": {
            "urlFilter": "||ba/images/banners^",
            "isUrlFilterCaseSensitive": false
        },
        "priority": 1
    },
    {
        "id": 350,
        "action": {
            "type": "block"
        },
        "condition": {
            "urlFilter": "||hr/content/banner^",
            "isUrlFilterCaseSensitive": false
        },
        "priority": 1
    },
    {
        "id": 351,
        "action": {
            "type": "block"
        },
        "condition": {
            "urlFilter": "||hr/Portal/Banner?",
            "isUrlFilterCaseSensitive": false
        },
        "priority": 1
    },
    {
        "id": 354,
        "action": {
            "type": "allow"
        },
        "condition": {
            "urlFilter": "||ads.api.24ur.si/adserver/adblock.",
            "resourceTypes": [
                "sub_frame"
            ],
            "isUrlFilterCaseSensitive": false
        },
        "priority": 100101
    },
    {
        "id": 393,
        "action": {
            "type": "block"
        },
        "condition": {
            "urlFilter": "||aviatica.rs/static/uploads/*/*/*-banner-*x*.gif^",
            "isUrlFilterCaseSensitive": false
        },
        "priority": 1
    },
    {
        "id": 394,
        "action": {
            "type": "block"
        },
        "condition": {
            "urlFilter": "||aviatica.rs/static/uploads/*/*/aviatica-1atravel-*.gif^",
            "isUrlFilterCaseSensitive": false
        },
        "priority": 1
    },
    {
        "id": 396,
        "action": {
            "type": "block"
        },
        "condition": {
            "urlFilter": "||bug.hr/ads/",
            "isUrlFilterCaseSensitive": false
        },
        "priority": 1
    },
    {
        "id": 397,
        "action": {
            "type": "block"
        },
        "condition": {
            "urlFilter": "||contentexchange.me^",
            "initiatorDomains": [
                "nova.rs"
            ],
            "isUrlFilterCaseSensitive": false
        },
        "priority": 201
    },
    {
        "id": 398,
        "action": {
            "type": "block"
        },
        "condition": {
            "urlFilter": "||filmotopia.org/sw.js",
            "isUrlFilterCaseSensitive": false
        },
        "priority": 1
    },
    {
        "id": 399,
        "action": {
            "type": "block"
        },
        "condition": {
            "urlFilter": "||kupujemprodajem.com/bShow.php^",
            "isUrlFilterCaseSensitive": false
        },
        "priority": 1
    },
    {
        "id": 400,
        "action": {
            "type": "block"
        },
        "condition": {
            "urlFilter": "||mob.hr/blog/wp-content/uploads/noviupload/NOA-E1-BANNER",
            "isUrlFilterCaseSensitive": false
        },
        "priority": 1
    },
    {
        "id": 401,
        "action": {
            "type": "block"
        },
        "condition": {
            "urlFilter": "||mob.hr/h18.jpg^",
            "isUrlFilterCaseSensitive": false
        },
        "priority": 1
    },
    {
        "id": 402,
        "action": {
            "type": "block"
        },
        "condition": {
            "urlFilter": "||mob.hr^*-300x250.",
            "isUrlFilterCaseSensitive": false
        },
        "priority": 1
    },
    {
        "id": 403,
        "action": {
            "type": "block"
        },
        "condition": {
            "urlFilter": "||pcchip.hr/wp-content/uploads*BANNER",
            "isUrlFilterCaseSensitive": false
        },
        "priority": 1
    },
    {
        "id": 404,
        "action": {
            "type": "block"
        },
        "condition": {
            "urlFilter": "||subs.vingd.com^",
            "domainType": "thirdParty",
            "isUrlFilterCaseSensitive": false
        },
        "priority": 2
    },
    {
        "id": 405,
        "action": {
            "type": "block"
        },
        "condition": {
            "urlFilter": "||sultanovic.net/?*%",
            "resourceTypes": [
                "script"
            ],
            "isUrlFilterCaseSensitive": false
        },
        "priority": 101
    },
    {
        "id": 406,
        "action": {
            "type": "block"
        },
        "condition": {
            "urlFilter": "||zotabox.com^",
            "initiatorDomains": [
                "animesrbija.com"
            ],
            "isUrlFilterCaseSensitive": false
        },
        "priority": 201
    },
    {
        "id": 407,
        "action": {
            "type": "block"
        },
        "condition": {
            "urlFilter": "||widget.halooglasi.com/nekretnine.html",
            "domainType": "thirdParty",
            "resourceTypes": [
                "sub_frame"
            ],
            "isUrlFilterCaseSensitive": false
        },
        "priority": 102
    }
]