[
    {
        "id": 1252,
        "action": {
            "type": "block"
        },
        "condition": {
            "requestDomains": [
                "a.adnium.com",
                "ad.depo.hu",
                "ad.gyermekevek.hu",
                "ad.hirekmedia.hu",
                "ad.kapos.hu",
                "ad.love.hu",
                "ad.napilapcsoport.hu",
                "ad.onadozo.hu",
                "ad.parom.hu",
                "ad.pphungary.hu",
                "ad.szexneked.hu",
                "adat.freemail.hu",
                "adfair.hu",
                "adfree-stat.p3g.hu",
                "ads.geeks.hu",
                "ads.nepszava.com",
                "adtrackeraa.com",
                "adv.forpsi.hu",
                "adv.hu",
                "adverbs.napilapcsoport.hu",
                "app.livechatoo.com",
                "audit.median.hu",
                "avatraffic.com",
                "banner.terminal.hu",
                "banner.webtar.hu",
                "bannerzone.agroinform.hu",
                "beam-tracker.telex.hu",
                "beam.telex.hu",
                "brostraffic.com",
                "campaign-remp.444.hu",
                "cdn-dynamic.optimonk.com",
                "chatrobot.mia.gov.hu",
                "chimpstatic.com",
                "counter.megagroup.ru",
                "daserver.ultraweb.hu",
                "doubleclick.net",
                "et.twyn.com",
                "fourtwentytradingcompany.net",
                "freestat.hu",
                "fruitflan.com",
                "gemius.hu",
                "gemius.pl",
                "iofferphoto.com",
                "loading-delivery2.com",
                "media.netpositive.hu",
                "netadclick.com",
                "netexs.com",
                "new-bigpenn.com",
                "pixel.blog.hu",
                "pixel.sojern.com",
                "rc.rc.hu",
                "rc.rootclick.com",
                "redwolfmoon.com",
                "related.hu",
                "smartadserver.com",
                "smartcj.com",
                "stat.adultium.com",
                "stats.badoostats.com",
                "syndication.trafficreps.com",
                "tracker.azet.sk",
                "tracking.binarypromos.com",
                "tracking.tchibo.hu",
                "up-banner.wavecdn.de",
                "vid4u.org",
                "widget.block4d.com",
                "wstat.ozon.ru"
            ]
        },
        "priority": 1
    },
    {
        "id": 1819,
        "action": {
            "type": "allow"
        },
        "condition": {
            "urlFilter": "/js/adx_blacklist.js",
            "initiatorDomains": [
                "bikemag.hu",
                "testbike.hu"
            ],
            "resourceTypes": [
                "script"
            ],
            "isUrlFilterCaseSensitive": false
        },
        "priority": 101000
    },
    {
        "id": 1820,
        "action": {
            "type": "allow"
        },
        "condition": {
            "urlFilter": "||assets.portfolio.hu/js/ad_300x250.js",
            "initiatorDomains": [
                "portfolio.hu"
            ],
            "resourceTypes": [
                "script"
            ],
            "isUrlFilterCaseSensitive": false
        },
        "priority": 101000
    },
    {
        "id": 1885,
        "action": {
            "type": "allow"
        },
        "condition": {
            "urlFilter": "||pro.hit.gemius.pl/gstream.js",
            "initiatorDomains": [
                "embed.rtl.hu"
            ],
            "resourceTypes": [
                "script"
            ],
            "isUrlFilterCaseSensitive": false
        },
        "priority": 101000
    },
    {
        "id": 2039,
        "action": {
            "type": "allow"
        },
        "condition": {
            "urlFilter": "||adocean.pl^",
            "initiatorDomains": [
                "menetrendek.hu"
            ],
            "resourceTypes": [
                "script"
            ],
            "isUrlFilterCaseSensitive": false
        },
        "priority": 101000
    },
    {
        "id": 1241,
        "action": {
            "type": "block"
        },
        "condition": {
            "urlFilter": "||3monkey.lol/vilagunk_640.html",
            "initiatorDomains": [
                "vilagunk.hu"
            ],
            "isUrlFilterCaseSensitive": false
        },
        "priority": 201
    },
    {
        "id": 1242,
        "action": {
            "type": "block"
        },
        "condition": {
            "urlFilter": "||aghtag.tech/libs/projectagora.min.js^",
            "initiatorDomains": [
                "gyakorikerdesek.hu",
                "hoxa.hu"
            ],
            "resourceTypes": [
                "script"
            ],
            "isUrlFilterCaseSensitive": false
        },
        "priority": 251
    },
    {
        "id": 1243,
        "action": {
            "type": "block"
        },
        "condition": {
            "urlFilter": "||floweryoperation.com/v2/0/",
            "initiatorDomains": [
                "karpathir.com"
            ],
            "isUrlFilterCaseSensitive": false
        },
        "priority": 201
    },
    {
        "id": 1247,
        "action": {
            "type": "block"
        },
        "condition": {
            "urlFilter": "*/empty.json",
            "isUrlFilterCaseSensitive": false
        },
        "priority": 1
    },
    {
        "id": 1248,
        "action": {
            "type": "block"
        },
        "condition": {
            "urlFilter": "*/eu-banned-popup/",
            "isUrlFilterCaseSensitive": false
        },
        "priority": 1
    },
    {
        "id": 1249,
        "action": {
            "type": "block"
        },
        "condition": {
            "urlFilter": "||0i.hu/files/images/",
            "resourceTypes": [
                "image"
            ],
            "isUrlFilterCaseSensitive": false
        },
        "priority": 101
    },
    {
        "id": 1250,
        "action": {
            "type": "block"
        },
        "condition": {
            "urlFilter": "||444.hu/*/ease/",
            "isUrlFilterCaseSensitive": false
        },
        "priority": 1
    },
    {
        "id": 1251,
        "action": {
            "type": "block"
        },
        "condition": {
            "urlFilter": "||ado.hu/banners/",
            "resourceTypes": [
                "image"
            ],
            "isUrlFilterCaseSensitive": false
        },
        "priority": 101
    },
    {
        "id": 1253,
        "action": {
            "type": "block"
        },
        "condition": {
            "urlFilter": "||affiliate.hu",
            "resourceTypes": [
                "sub_frame"
            ],
            "isUrlFilterCaseSensitive": false
        },
        "priority": 101
    },
    {
        "id": 1254,
        "action": {
            "type": "block"
        },
        "condition": {
            "urlFilter": "||affiliation.arukereso.hu/pbox/",
            "isUrlFilterCaseSensitive": false
        },
        "priority": 1
    },
    {
        "id": 1255,
        "action": {
            "type": "block"
        },
        "condition": {
            "urlFilter": "||alfahir.hu^*/hirdetesfoto/",
            "resourceTypes": [
                "image"
            ],
            "isUrlFilterCaseSensitive": false
        },
        "priority": 101
    },
    {
        "id": 1256,
        "action": {
            "type": "block"
        },
        "condition": {
            "urlFilter": "||amiotthonunk.hu/images/banners/",
            "isUrlFilterCaseSensitive": false
        },
        "priority": 1
    },
    {
        "id": 1257,
        "action": {
            "type": "block"
        },
        "condition": {
            "urlFilter": "||aori.hu/banner",
            "isUrlFilterCaseSensitive": false
        },
        "priority": 1
    },
    {
        "id": 1258,
        "action": {
            "type": "block"
        },
        "condition": {
            "urlFilter": "||asva.info/tmp/",
            "isUrlFilterCaseSensitive": false
        },
        "priority": 1
    },
    {
        "id": 1259,
        "action": {
            "type": "block"
        },
        "condition": {
            "urlFilter": "||asva.info/wp-content/themes/branfordmagazine/images/banners/",
            "resourceTypes": [
                "image"
            ],
            "isUrlFilterCaseSensitive": false
        },
        "priority": 101
    },
    {
        "id": 1260,
        "action": {
            "type": "block"
        },
        "condition": {
            "urlFilter": "||atv.hu/*reklam",
            "isUrlFilterCaseSensitive": false
        },
        "priority": 1
    },
    {
        "id": 1261,
        "action": {
            "type": "block"
        },
        "condition": {
            "urlFilter": "||autopro.hu/uploads/banners/",
            "resourceTypes": [
                "image"
            ],
            "isUrlFilterCaseSensitive": false
        },
        "priority": 101
    },
    {
        "id": 1262,
        "action": {
            "type": "block"
        },
        "condition": {
            "urlFilter": "||bannerserver.hu",
            "resourceTypes": [
                "sub_frame"
            ],
            "isUrlFilterCaseSensitive": false
        },
        "priority": 101
    },
    {
        "id": 1263,
        "action": {
            "type": "block"
        },
        "condition": {
            "urlFilter": "||bitport.hu/images/szponzoracio/",
            "resourceTypes": [
                "image"
            ],
            "isUrlFilterCaseSensitive": false
        },
        "priority": 101
    },
    {
        "id": 1264,
        "action": {
            "type": "block"
        },
        "condition": {
            "urlFilter": "||bkv.hu/public/assets/img/banner/",
            "resourceTypes": [
                "image"
            ],
            "isUrlFilterCaseSensitive": false
        },
        "priority": 101
    },
    {
        "id": 1265,
        "action": {
            "type": "block"
        },
        "condition": {
            "urlFilter": "||blog.hu/*/ad/",
            "isUrlFilterCaseSensitive": false
        },
        "priority": 1
    },
    {
        "id": 1266,
        "action": {
            "type": "block"
        },
        "condition": {
            "urlFilter": "||blog.hu/*/hird/*.",
            "isUrlFilterCaseSensitive": false
        },
        "priority": 1
    },
    {
        "id": 1267,
        "action": {
            "type": "block"
        },
        "condition": {
            "urlFilter": "||blog.hu/ad/",
            "isUrlFilterCaseSensitive": false
        },
        "priority": 1
    },
    {
        "id": 1268,
        "action": {
            "type": "block"
        },
        "condition": {
            "urlFilter": "||blog.hu/media/image/hird/",
            "resourceTypes": [
                "image"
            ],
            "isUrlFilterCaseSensitive": false
        },
        "priority": 101
    },
    {
        "id": 1269,
        "action": {
            "type": "block"
        },
        "condition": {
            "urlFilter": "||blog.hu/pixel",
            "isUrlFilterCaseSensitive": false
        },
        "priority": 1
    },
    {
        "id": 1270,
        "action": {
            "type": "block"
        },
        "condition": {
            "urlFilter": "||borsonline.hu/*hirdetes",
            "isUrlFilterCaseSensitive": false
        },
        "priority": 1
    },
    {
        "id": 1271,
        "action": {
            "type": "block"
        },
        "condition": {
            "urlFilter": "||cegmarketing.hu/banner",
            "isUrlFilterCaseSensitive": false
        },
        "priority": 1
    },
    {
        "id": 1272,
        "action": {
            "type": "block"
        },
        "condition": {
            "urlFilter": "||chat.hu/Client/banner",
            "isUrlFilterCaseSensitive": false
        },
        "priority": 1
    },
    {
        "id": 1273,
        "action": {
            "type": "block"
        },
        "condition": {
            "urlFilter": "||chat.hu/imgadverts",
            "resourceTypes": [
                "image"
            ],
            "isUrlFilterCaseSensitive": false
        },
        "priority": 101
    },
    {
        "id": 1274,
        "action": {
            "type": "block"
        },
        "condition": {
            "urlFilter": "||cosmopolitan.hu/*/sponsor/",
            "isUrlFilterCaseSensitive": false
        },
        "priority": 1
    },
    {
        "id": 1275,
        "action": {
            "type": "block"
        },
        "condition": {
            "urlFilter": "||csongradihirek.hu/portal/images/stories/_reklamok/",
            "resourceTypes": [
                "image"
            ],
            "isUrlFilterCaseSensitive": false
        },
        "priority": 101
    },
    {
        "id": 1276,
        "action": {
            "type": "block"
        },
        "condition": {
            "urlFilter": "||dijnet.hu/ekonto/images/news/",
            "resourceTypes": [
                "image"
            ],
            "isUrlFilterCaseSensitive": false
        },
        "priority": 101
    },
    {
        "id": 1277,
        "action": {
            "type": "block"
        },
        "condition": {
            "urlFilter": "||dijnet.hu/ekonto/images/szolg_logo/adomany_logo.jpg",
            "resourceTypes": [
                "image"
            ],
            "isUrlFilterCaseSensitive": false
        },
        "priority": 101
    },
    {
        "id": 1278,
        "action": {
            "type": "block"
        },
        "condition": {
            "urlFilter": "||dijnet.hu/ekonto/images/szolg_logo/hu/adomany_logo.jpg",
            "resourceTypes": [
                "image"
            ],
            "isUrlFilterCaseSensitive": false
        },
        "priority": 101
    },
    {
        "id": 1279,
        "action": {
            "type": "block"
        },
        "condition": {
            "urlFilter": "||duen.hu/*ad",
            "isUrlFilterCaseSensitive": false
        },
        "priority": 1
    },
    {
        "id": 1280,
        "action": {
            "type": "block"
        },
        "condition": {
            "urlFilter": "||eoldal.hu/*eoldal_banner",
            "isUrlFilterCaseSensitive": false
        },
        "priority": 1
    },
    {
        "id": 1281,
        "action": {
            "type": "block"
        },
        "condition": {
            "urlFilter": "||esport1.hu/banner/",
            "resourceTypes": [
                "image"
            ],
            "isUrlFilterCaseSensitive": false
        },
        "priority": 101
    },
    {
        "id": 1282,
        "action": {
            "type": "block"
        },
        "condition": {
            "urlFilter": "||est.hu/design/img/szponzoracio/",
            "resourceTypes": [
                "image"
            ],
            "isUrlFilterCaseSensitive": false
        },
        "priority": 101
    },
    {
        "id": 1283,
        "action": {
            "type": "block"
        },
        "condition": {
            "urlFilter": "||eudomain.eu/ad",
            "isUrlFilterCaseSensitive": false
        },
        "priority": 1
    },
    {
        "id": 1284,
        "action": {
            "type": "block"
        },
        "condition": {
            "urlFilter": "||eudomain.eu/affiliate",
            "isUrlFilterCaseSensitive": false
        },
        "priority": 1
    },
    {
        "id": 1285,
        "action": {
            "type": "block"
        },
        "condition": {
            "urlFilter": "||ezoterikus.hu/*banner*/",
            "isUrlFilterCaseSensitive": false
        },
        "priority": 1
    },
    {
        "id": 1286,
        "action": {
            "type": "block"
        },
        "condition": {
            "urlFilter": "||femcafe.hu/*/spike_ad/",
            "isUrlFilterCaseSensitive": false
        },
        "priority": 1
    },
    {
        "id": 1287,
        "action": {
            "type": "block"
        },
        "condition": {
            "urlFilter": "||femcafe.hu/*/sponsoration/",
            "isUrlFilterCaseSensitive": false
        },
        "priority": 1
    },
    {
        "id": 1288,
        "action": {
            "type": "block"
        },
        "condition": {
            "urlFilter": "||femcafe.hu/*/szponzoracio/",
            "isUrlFilterCaseSensitive": false
        },
        "priority": 1
    },
    {
        "id": 1289,
        "action": {
            "type": "block"
        },
        "condition": {
            "urlFilter": "||femcafe.hu/spike-ad/",
            "isUrlFilterCaseSensitive": false
        },
        "priority": 1
    },
    {
        "id": 1290,
        "action": {
            "type": "block"
        },
        "condition": {
            "urlFilter": "||fototrend.hu/design/hatter.jpg",
            "resourceTypes": [
                "image"
            ],
            "isUrlFilterCaseSensitive": false
        },
        "priority": 101
    },
    {
        "id": 1291,
        "action": {
            "type": "block"
        },
        "condition": {
            "urlFilter": "||freeweb.hu/*_banner*.",
            "isUrlFilterCaseSensitive": false
        },
        "priority": 1
    },
    {
        "id": 1292,
        "action": {
            "type": "block"
        },
        "condition": {
            "urlFilter": "||gamepod.hu/ajanlo/lapcsalad.html",
            "isUrlFilterCaseSensitive": false
        },
        "priority": 1
    },
    {
        "id": 1293,
        "action": {
            "type": "block"
        },
        "condition": {
            "urlFilter": "||geeks.hu/*body-bg-*.",
            "isUrlFilterCaseSensitive": false
        },
        "priority": 1
    },
    {
        "id": 1294,
        "action": {
            "type": "block"
        },
        "condition": {
            "urlFilter": "||gigasex.hu/bannerek/",
            "resourceTypes": [
                "image"
            ],
            "isUrlFilterCaseSensitive": false
        },
        "priority": 101
    },
    {
        "id": 1295,
        "action": {
            "type": "block"
        },
        "condition": {
            "urlFilter": "||glassdoor.com/app/static/js/gd-fj-ads-init",
            "resourceTypes": [
                "script"
            ],
            "isUrlFilterCaseSensitive": false
        },
        "priority": 101
    },
    {
        "id": 1296,
        "action": {
            "type": "block"
        },
        "condition": {
            "urlFilter": "||gyakorikerdesek.hu/pic/bannerek/",
            "resourceTypes": [
                "image"
            ],
            "isUrlFilterCaseSensitive": false
        },
        "priority": 101
    },
    {
        "id": 1297,
        "action": {
            "type": "block"
        },
        "condition": {
            "urlFilter": "||harmonet.hu/*hirdetes",
            "isUrlFilterCaseSensitive": false
        },
        "priority": 1
    },
    {
        "id": 1298,
        "action": {
            "type": "block"
        },
        "condition": {
            "urlFilter": "||hasznaltgsm.hu/gsm/iframes/",
            "isUrlFilterCaseSensitive": false
        },
        "priority": 1
    },
    {
        "id": 1299,
        "action": {
            "type": "block"
        },
        "condition": {
            "urlFilter": "||hatarido-szamitas.hu/partnerek/",
            "isUrlFilterCaseSensitive": false
        },
        "priority": 1
    },
    {
        "id": 1300,
        "action": {
            "type": "block"
        },
        "condition": {
            "urlFilter": "||hazipatika.com/sponsoredbys/",
            "isUrlFilterCaseSensitive": false
        },
        "priority": 1
    },
    {
        "id": 1301,
        "action": {
            "type": "block"
        },
        "condition": {
            "urlFilter": "||hirado.hu*/microsites/*wallpaper*.",
            "resourceTypes": [
                "image"
            ],
            "isUrlFilterCaseSensitive": false
        },
        "priority": 101
    },
    {
        "id": 1302,
        "action": {
            "type": "block"
        },
        "condition": {
            "urlFilter": "||hirado.hu/Newsreel/*_bg_*.",
            "resourceTypes": [
                "image"
            ],
            "isUrlFilterCaseSensitive": false
        },
        "priority": 101
    },
    {
        "id": 1303,
        "action": {
            "type": "block"
        },
        "condition": {
            "urlFilter": "||hircsarda.hu/ads/",
            "isUrlFilterCaseSensitive": false
        },
        "priority": 1
    },
    {
        "id": 1304,
        "action": {
            "type": "block"
        },
        "condition": {
            "urlFilter": "||hirdetes.ingatlan.com/banner/",
            "resourceTypes": [
                "image"
            ],
            "isUrlFilterCaseSensitive": false
        },
        "priority": 101
    },
    {
        "id": 1305,
        "action": {
            "type": "block"
        },
        "condition": {
            "urlFilter": "||hirek.sk/banner/",
            "resourceTypes": [
                "image"
            ],
            "isUrlFilterCaseSensitive": false
        },
        "priority": 101
    },
    {
        "id": 1306,
        "action": {
            "type": "block"
        },
        "condition": {
            "urlFilter": "||hosszupuskasub.com/css/*skin.jpg",
            "resourceTypes": [
                "image"
            ],
            "isUrlFilterCaseSensitive": false
        },
        "priority": 101
    },
    {
        "id": 1307,
        "action": {
            "type": "block"
        },
        "condition": {
            "urlFilter": "||hrportal.hu/images/banner/",
            "resourceTypes": [
                "image"
            ],
            "isUrlFilterCaseSensitive": false
        },
        "priority": 101
    },
    {
        "id": 1308,
        "action": {
            "type": "block"
        },
        "condition": {
            "urlFilter": "||hungariantop1000.com/cgi-bin/counter.cgi",
            "isUrlFilterCaseSensitive": false
        },
        "priority": 1
    },
    {
        "id": 1309,
        "action": {
            "type": "block"
        },
        "condition": {
            "urlFilter": "||hupont.hu/hirdetes/",
            "isUrlFilterCaseSensitive": false
        },
        "priority": 1
    },
    {
        "id": 1310,
        "action": {
            "type": "block"
        },
        "condition": {
            "urlFilter": "||hwsw.hu/images/bodybgs/",
            "resourceTypes": [
                "image"
            ],
            "isUrlFilterCaseSensitive": false
        },
        "priority": 101
    },
    {
        "id": 1311,
        "action": {
            "type": "block"
        },
        "condition": {
            "urlFilter": "||hwsw.hu/images/bodybgs2/",
            "isUrlFilterCaseSensitive": false
        },
        "priority": 1
    },
    {
        "id": 1312,
        "action": {
            "type": "block"
        },
        "condition": {
            "urlFilter": "||i.cdn29.hu/apix_collect/ads",
            "isUrlFilterCaseSensitive": false
        },
        "priority": 1
    },
    {
        "id": 1313,
        "action": {
            "type": "block"
        },
        "condition": {
            "urlFilter": "||iho.hu/img/banner/",
            "isUrlFilterCaseSensitive": false
        },
        "priority": 1
    },
    {
        "id": 1314,
        "action": {
            "type": "block"
        },
        "condition": {
            "urlFilter": "||image.arukereso.hu/ad",
            "resourceTypes": [
                "image"
            ],
            "isUrlFilterCaseSensitive": false
        },
        "priority": 101
    },
    {
        "id": 1315,
        "action": {
            "type": "block"
        },
        "condition": {
            "urlFilter": "||img.hunbasket.webpont.com/kosarsport/art/*banner",
            "resourceTypes": [
                "image"
            ],
            "isUrlFilterCaseSensitive": false
        },
        "priority": 101
    },
    {
        "id": 1316,
        "action": {
            "type": "block"
        },
        "condition": {
            "urlFilter": "||infogyor.hu/*_banners/",
            "isUrlFilterCaseSensitive": false
        },
        "priority": 1
    },
    {
        "id": 1317,
        "action": {
            "type": "block"
        },
        "condition": {
            "urlFilter": "||informed.hu/*banner",
            "isUrlFilterCaseSensitive": false
        },
        "priority": 1
    },
    {
        "id": 1318,
        "action": {
            "type": "block"
        },
        "condition": {
            "urlFilter": "||ingyenweb.hu/felso/*.",
            "isUrlFilterCaseSensitive": false
        },
        "priority": 1
    },
    {
        "id": 1319,
        "action": {
            "type": "block"
        },
        "condition": {
            "urlFilter": "||ingyenweb.hu/smsbanner/",
            "isUrlFilterCaseSensitive": false
        },
        "priority": 1
    },
    {
        "id": 1320,
        "action": {
            "type": "block"
        },
        "condition": {
            "urlFilter": "||jogiforum.hu/files/partner/",
            "isUrlFilterCaseSensitive": false
        },
        "priority": 1
    },
    {
        "id": 1321,
        "action": {
            "type": "block"
        },
        "condition": {
            "urlFilter": "||keymedia.hu/keymediajs.cgi",
            "isUrlFilterCaseSensitive": false
        },
        "priority": 1
    },
    {
        "id": 1322,
        "action": {
            "type": "block"
        },
        "condition": {
            "urlFilter": "||kiszamolo.hu/wp-content/uploads/*banner*.png",
            "resourceTypes": [
                "image"
            ],
            "isUrlFilterCaseSensitive": false
        },
        "priority": 101
    },
    {
        "id": 1323,
        "action": {
            "type": "block"
        },
        "condition": {
            "urlFilter": "||kiszamolo.hu/wp-content/uploads/2016/09/Hitel-290x200-blog-jobb.gif",
            "resourceTypes": [
                "image"
            ],
            "isUrlFilterCaseSensitive": false
        },
        "priority": 101
    },
    {
        "id": 1324,
        "action": {
            "type": "block"
        },
        "condition": {
            "urlFilter": "||kiszamolo.hu/wp-content/uploads/2019/11/550x104-02.jpg",
            "resourceTypes": [
                "image"
            ],
            "isUrlFilterCaseSensitive": false
        },
        "priority": 101
    },
    {
        "id": 1325,
        "action": {
            "type": "block"
        },
        "condition": {
            "urlFilter": "||kiszamolo.hu/wp-content/uploads/2019/11/400x400-02.jpg",
            "resourceTypes": [
                "image"
            ],
            "isUrlFilterCaseSensitive": false
        },
        "priority": 101
    },
    {
        "id": 1326,
        "action": {
            "type": "block"
        },
        "condition": {
            "urlFilter": "||klasszikradio.hu/uploads/banner/",
            "resourceTypes": [
                "image"
            ],
            "isUrlFilterCaseSensitive": false
        },
        "priority": 101
    },
    {
        "id": 1327,
        "action": {
            "type": "block"
        },
        "condition": {
            "urlFilter": "||klubradio.hu/data/files/banner",
            "resourceTypes": [
                "image"
            ],
            "isUrlFilterCaseSensitive": false
        },
        "priority": 101
    },
    {
        "id": 1328,
        "action": {
            "type": "block"
        },
        "condition": {
            "urlFilter": "||konkretkonyvek.hu/data/banners/",
            "resourceTypes": [
                "image"
            ],
            "isUrlFilterCaseSensitive": false
        },
        "priority": 101
    },
    {
        "id": 1329,
        "action": {
            "type": "block"
        },
        "condition": {
            "urlFilter": "||koponyeg.hu/skins/k4/hirdetes/",
            "isUrlFilterCaseSensitive": false
        },
        "priority": 1
    },
    {
        "id": 1330,
        "action": {
            "type": "block"
        },
        "condition": {
            "urlFilter": "||kuruc.info/galeriaN/banner/",
            "resourceTypes": [
                "image"
            ],
            "isUrlFilterCaseSensitive": false
        },
        "priority": 101
    },
    {
        "id": 1331,
        "action": {
            "type": "block"
        },
        "condition": {
            "urlFilter": "||lapok.hu/felso/felso.php",
            "isUrlFilterCaseSensitive": false
        },
        "priority": 1
    },
    {
        "id": 1332,
        "action": {
            "type": "block"
        },
        "condition": {
            "urlFilter": "||libri.hu/export/prodBann/",
            "isUrlFilterCaseSensitive": false
        },
        "priority": 1
    },
    {
        "id": 1333,
        "action": {
            "type": "block"
        },
        "condition": {
            "urlFilter": "||libri.hu/html/images/skin/",
            "resourceTypes": [
                "image"
            ],
            "isUrlFilterCaseSensitive": false
        },
        "priority": 101
    },
    {
        "id": 1334,
        "action": {
            "type": "block"
        },
        "condition": {
            "urlFilter": "||lifemagazin.hu/ads/",
            "isUrlFilterCaseSensitive": false
        },
        "priority": 1
    },
    {
        "id": 1335,
        "action": {
            "type": "block"
        },
        "condition": {
            "urlFilter": "||lolmarkt.hu/banner/",
            "resourceTypes": [
                "image"
            ],
            "isUrlFilterCaseSensitive": false
        },
        "priority": 101
    },
    {
        "id": 1336,
        "action": {
            "type": "block"
        },
        "condition": {
            "urlFilter": "||love.hu/design/*hirdetes*.",
            "isUrlFilterCaseSensitive": false
        },
        "priority": 1
    },
    {
        "id": 1337,
        "action": {
            "type": "block"
        },
        "condition": {
            "urlFilter": "||magyar-elektronika.hu/images/banners/",
            "resourceTypes": [
                "image"
            ],
            "isUrlFilterCaseSensitive": false
        },
        "priority": 101
    },
    {
        "id": 1338,
        "action": {
            "type": "block"
        },
        "condition": {
            "urlFilter": "||magyarszo.com/images/banner/",
            "resourceTypes": [
                "image"
            ],
            "isUrlFilterCaseSensitive": false
        },
        "priority": 101
    },
    {
        "id": 1339,
        "action": {
            "type": "block"
        },
        "condition": {
            "urlFilter": "||mandiner.hu/*/banner/",
            "resourceTypes": [
                "image"
            ],
            "isUrlFilterCaseSensitive": false
        },
        "priority": 101
    },
    {
        "id": 1340,
        "action": {
            "type": "block"
        },
        "condition": {
            "urlFilter": "||mandiner.hu/images/design/*-bg.",
            "resourceTypes": [
                "image"
            ],
            "isUrlFilterCaseSensitive": false
        },
        "priority": 101
    },
    {
        "id": 1341,
        "action": {
            "type": "block"
        },
        "condition": {
            "urlFilter": "||medicalonline.hu/*hirdetes",
            "isUrlFilterCaseSensitive": false
        },
        "priority": 1
    },
    {
        "id": 1342,
        "action": {
            "type": "block"
        },
        "condition": {
            "urlFilter": "||metropol.hu/*/images/sponsor_*.",
            "resourceTypes": [
                "image"
            ],
            "isUrlFilterCaseSensitive": false
        },
        "priority": 101
    },
    {
        "id": 1343,
        "action": {
            "type": "block"
        },
        "condition": {
            "urlFilter": "||miabonyunk.hu/hirdetesek/",
            "isUrlFilterCaseSensitive": false
        },
        "priority": 1
    },
    {
        "id": 1344,
        "action": {
            "type": "block"
        },
        "condition": {
            "urlFilter": "||mindmegette.hu/images/294/O/nyerjagyulaival_2020_background_300x300.jpg",
            "resourceTypes": [
                "image"
            ],
            "isUrlFilterCaseSensitive": false
        },
        "priority": 101
    },
    {
        "id": 1345,
        "action": {
            "type": "block"
        },
        "condition": {
            "urlFilter": "||mkbnetbankar.hu/banner",
            "isUrlFilterCaseSensitive": false
        },
        "priority": 1
    },
    {
        "id": 1346,
        "action": {
            "type": "block"
        },
        "condition": {
            "urlFilter": "||mlzphoto.hu/bannerek/",
            "resourceTypes": [
                "image"
            ],
            "isUrlFilterCaseSensitive": false
        },
        "priority": 101
    },
    {
        "id": 1347,
        "action": {
            "type": "block"
        },
        "condition": {
            "urlFilter": "||mobilarena.hu/ajanlo/lapcsalad.html",
            "isUrlFilterCaseSensitive": false
        },
        "priority": 1
    },
    {
        "id": 1348,
        "action": {
            "type": "block"
        },
        "condition": {
            "urlFilter": "||napidroid.hu/*/*hird",
            "isUrlFilterCaseSensitive": false
        },
        "priority": 1
    },
    {
        "id": 1349,
        "action": {
            "type": "block"
        },
        "condition": {
            "urlFilter": "||napidroid.hu/*/*logo",
            "resourceTypes": [
                "image"
            ],
            "isUrlFilterCaseSensitive": false
        },
        "priority": 101
    },
    {
        "id": 1350,
        "action": {
            "type": "block"
        },
        "condition": {
            "urlFilter": "||napocska.hu/images/*_advert*.",
            "resourceTypes": [
                "image"
            ],
            "isUrlFilterCaseSensitive": false
        },
        "priority": 101
    },
    {
        "id": 1351,
        "action": {
            "type": "block"
        },
        "condition": {
            "urlFilter": "||net-solutions.hu/banner/",
            "resourceTypes": [
                "image"
            ],
            "isUrlFilterCaseSensitive": false
        },
        "priority": 101
    },
    {
        "id": 1352,
        "action": {
            "type": "block"
        },
        "condition": {
            "urlFilter": "||noplaza.hu/banner/",
            "resourceTypes": [
                "image"
            ],
            "isUrlFilterCaseSensitive": false
        },
        "priority": 101
    },
    {
        "id": 1353,
        "action": {
            "type": "block"
        },
        "condition": {
            "urlFilter": "||nso.hu/*/sponsoration/*.",
            "isUrlFilterCaseSensitive": false
        },
        "priority": 1
    },
    {
        "id": 1354,
        "action": {
            "type": "block"
        },
        "condition": {
            "urlFilter": "||okmanyiroda.hu/banner.html",
            "isUrlFilterCaseSensitive": false
        },
        "priority": 1
    },
    {
        "id": 1355,
        "action": {
            "type": "block"
        },
        "condition": {
            "urlFilter": "||p3k.hu/*_hatter*.",
            "resourceTypes": [
                "image"
            ],
            "isUrlFilterCaseSensitive": false
        },
        "priority": 101
    },
    {
        "id": 1356,
        "action": {
            "type": "block"
        },
        "condition": {
            "urlFilter": "||p3k.hu/*szponz*.",
            "isUrlFilterCaseSensitive": false
        },
        "priority": 1
    },
    {
        "id": 1357,
        "action": {
            "type": "block"
        },
        "condition": {
            "urlFilter": "||partyzoo.hu/banner/",
            "resourceTypes": [
                "image"
            ],
            "isUrlFilterCaseSensitive": false
        },
        "priority": 101
    },
    {
        "id": 1358,
        "action": {
            "type": "block"
        },
        "condition": {
            "urlFilter": "||pcguru.hu/uploads/banners/*.jpg",
            "resourceTypes": [
                "image"
            ],
            "isUrlFilterCaseSensitive": false
        },
        "priority": 101
    },
    {
        "id": 1359,
        "action": {
            "type": "block"
        },
        "condition": {
            "urlFilter": "||pcpult.hu/*/banner/",
            "resourceTypes": [
                "image"
            ],
            "isUrlFilterCaseSensitive": false
        },
        "priority": 101
    },
    {
        "id": 1360,
        "action": {
            "type": "block"
        },
        "condition": {
            "urlFilter": "||pcworld.hu/bannerek/",
            "resourceTypes": [
                "image"
            ],
            "isUrlFilterCaseSensitive": false
        },
        "priority": 101
    },
    {
        "id": 1361,
        "action": {
            "type": "block"
        },
        "condition": {
            "urlFilter": "||piacesprofit.hu/files/skin/",
            "resourceTypes": [
                "image"
            ],
            "isUrlFilterCaseSensitive": false
        },
        "priority": 101
    },
    {
        "id": 1362,
        "action": {
            "type": "block"
        },
        "condition": {
            "urlFilter": "||pornolize.com/*?clickTAG=",
            "isUrlFilterCaseSensitive": false
        },
        "priority": 1
    },
    {
        "id": 1363,
        "action": {
            "type": "block"
        },
        "condition": {
            "urlFilter": "||port-network.com/sponsoration_elements/",
            "isUrlFilterCaseSensitive": false
        },
        "priority": 1
    },
    {
        "id": 1364,
        "action": {
            "type": "block"
        },
        "condition": {
            "urlFilter": "||portfolio.hu/img/partner/",
            "resourceTypes": [
                "image"
            ],
            "isUrlFilterCaseSensitive": false
        },
        "priority": 101
    },
    {
        "id": 1365,
        "action": {
            "type": "block"
        },
        "condition": {
            "urlFilter": "||preissuchmaschine.de/banner/",
            "resourceTypes": [
                "image"
            ],
            "isUrlFilterCaseSensitive": false
        },
        "priority": 101
    },
    {
        "id": 1366,
        "action": {
            "type": "block"
        },
        "condition": {
            "urlFilter": "||prohardver.hu/dl/cnt/*/background.png",
            "resourceTypes": [
                "image"
            ],
            "isUrlFilterCaseSensitive": false
        },
        "priority": 101
    },
    {
        "id": 1367,
        "action": {
            "type": "block"
        },
        "condition": {
            "urlFilter": "||randihely.hu/adnews/",
            "isUrlFilterCaseSensitive": false
        },
        "priority": 1
    },
    {
        "id": 1368,
        "action": {
            "type": "block"
        },
        "condition": {
            "urlFilter": "||revizoronline.com/*banner",
            "isUrlFilterCaseSensitive": false
        },
        "priority": 1
    },
    {
        "id": 1369,
        "action": {
            "type": "block"
        },
        "condition": {
            "urlFilter": "||sg.hu/images/hirdetes.gif",
            "resourceTypes": [
                "image"
            ],
            "isUrlFilterCaseSensitive": false
        },
        "priority": 101
    },
    {
        "id": 1370,
        "action": {
            "type": "block"
        },
        "condition": {
            "urlFilter": "||sg.hu/sg.wgt",
            "isUrlFilterCaseSensitive": false
        },
        "priority": 1
    },
    {
        "id": 1371,
        "action": {
            "type": "block"
        },
        "condition": {
            "urlFilter": "||sielok.hu/kampanybanner/",
            "resourceTypes": [
                "image"
            ],
            "isUrlFilterCaseSensitive": false
        },
        "priority": 101
    },
    {
        "id": 1372,
        "action": {
            "type": "block"
        },
        "condition": {
            "urlFilter": "||sikerado.hu/banner/",
            "resourceTypes": [
                "image"
            ],
            "isUrlFilterCaseSensitive": false
        },
        "priority": 101
    },
    {
        "id": 1373,
        "action": {
            "type": "block"
        },
        "condition": {
            "urlFilter": "||stat.profession.hu/static/assets/images/prize-game",
            "resourceTypes": [
                "image"
            ],
            "isUrlFilterCaseSensitive": false
        },
        "priority": 101
    },
    {
        "id": 1374,
        "action": {
            "type": "block"
        },
        "condition": {
            "urlFilter": "||static.lhp.hu/lhp.hu/bannerek/",
            "resourceTypes": [
                "image"
            ],
            "isUrlFilterCaseSensitive": false
        },
        "priority": 101
    },
    {
        "id": 1375,
        "action": {
            "type": "block"
        },
        "condition": {
            "urlFilter": "||static.love.hu/design/ad/",
            "isUrlFilterCaseSensitive": false
        },
        "priority": 1
    },
    {
        "id": 1376,
        "action": {
            "type": "block"
        },
        "condition": {
            "urlFilter": "||static.nemzetisport.hu//style/nso/i/*banner",
            "isUrlFilterCaseSensitive": false
        },
        "priority": 1
    },
    {
        "id": 1377,
        "action": {
            "type": "block"
        },
        "condition": {
            "urlFilter": "||static.nemzetisport.hu//style/nso/i/betclic.gif",
            "resourceTypes": [
                "image"
            ],
            "isUrlFilterCaseSensitive": false
        },
        "priority": 101
    },
    {
        "id": 1378,
        "action": {
            "type": "block"
        },
        "condition": {
            "urlFilter": "||static.origos.hu/s/css/responsive-ads/hangar/hangar-investor-web.css",
            "resourceTypes": [
                "stylesheet"
            ],
            "isUrlFilterCaseSensitive": false
        },
        "priority": 101
    },
    {
        "id": 1379,
        "action": {
            "type": "block"
        },
        "condition": {
            "urlFilter": "||stylemagazin.hu/static/template_settings/",
            "isUrlFilterCaseSensitive": false
        },
        "priority": 1
    },
    {
        "id": 1380,
        "action": {
            "type": "block"
        },
        "condition": {
            "urlFilter": "||szegeder.hu/get-ads",
            "isUrlFilterCaseSensitive": false
        },
        "priority": 1
    },
    {
        "id": 1381,
        "action": {
            "type": "block"
        },
        "condition": {
            "urlFilter": "||szegeder.hu/js/ads-prebid.js^",
            "resourceTypes": [
                "script"
            ],
            "isUrlFilterCaseSensitive": false
        },
        "priority": 101
    },
    {
        "id": 1382,
        "action": {
            "type": "block"
        },
        "condition": {
            "urlFilter": "||szegedma.hu/*banners/*.",
            "isUrlFilterCaseSensitive": false
        },
        "priority": 1
    },
    {
        "id": 1384,
        "action": {
            "type": "block"
        },
        "condition": {
            "urlFilter": "||szepsegbroker.hu/banner/",
            "resourceTypes": [
                "image"
            ],
            "isUrlFilterCaseSensitive": false
        },
        "priority": 101
    },
    {
        "id": 1385,
        "action": {
            "type": "block"
        },
        "condition": {
            "urlFilter": "||szepsegbroker.hu/elements/bannerz.2019.js^",
            "resourceTypes": [
                "script"
            ],
            "isUrlFilterCaseSensitive": false
        },
        "priority": 101
    },
    {
        "id": 1386,
        "action": {
            "type": "block"
        },
        "condition": {
            "urlFilter": "||talalka.hu/hirdetes/",
            "isUrlFilterCaseSensitive": false
        },
        "priority": 1
    },
    {
        "id": 1387,
        "action": {
            "type": "block"
        },
        "condition": {
            "urlFilter": "||telefonguru.hu/banners/",
            "resourceTypes": [
                "image"
            ],
            "isUrlFilterCaseSensitive": false
        },
        "priority": 101
    },
    {
        "id": 1388,
        "action": {
            "type": "block"
        },
        "condition": {
            "urlFilter": "||telefonguru.hu/iframes/",
            "isUrlFilterCaseSensitive": false
        },
        "priority": 1
    },
    {
        "id": 1389,
        "action": {
            "type": "block"
        },
        "condition": {
            "urlFilter": "||tvn.hu/tvn/kepek/xpoker.hu/",
            "resourceTypes": [
                "image"
            ],
            "isUrlFilterCaseSensitive": false
        },
        "priority": 101
    },
    {
        "id": 1390,
        "action": {
            "type": "block"
        },
        "condition": {
            "urlFilter": "||ultraweb.hu/ad*.php",
            "isUrlFilterCaseSensitive": false
        },
        "priority": 1
    },
    {
        "id": 1391,
        "action": {
            "type": "block"
        },
        "condition": {
            "urlFilter": "||utcakereso.hu/hirdetes/",
            "isUrlFilterCaseSensitive": false
        },
        "priority": 1
    },
    {
        "id": 1392,
        "action": {
            "type": "block"
        },
        "condition": {
            "urlFilter": "||vatera.hu/affiliate/images/banner/",
            "resourceTypes": [
                "image"
            ],
            "isUrlFilterCaseSensitive": false
        },
        "priority": 101
    },
    {
        "id": 1393,
        "action": {
            "type": "block"
        },
        "condition": {
            "urlFilter": "||vezess.hu/data/files/bannerek/",
            "resourceTypes": [
                "image"
            ],
            "isUrlFilterCaseSensitive": false
        },
        "priority": 101
    },
    {
        "id": 1394,
        "action": {
            "type": "block"
        },
        "condition": {
            "urlFilter": "||vezess.hu/data/files/kapcsolodo_anyagok/szponz_hatterek/",
            "resourceTypes": [
                "image"
            ],
            "isUrlFilterCaseSensitive": false
        },
        "priority": 101
    },
    {
        "id": 1395,
        "action": {
            "type": "block"
        },
        "condition": {
            "urlFilter": "||vezess2.p3k.hu/app/uploads/*nyeremenyjatek",
            "resourceTypes": [
                "image"
            ],
            "isUrlFilterCaseSensitive": false
        },
        "priority": 101
    },
    {
        "id": 1396,
        "action": {
            "type": "block"
        },
        "condition": {
            "urlFilter": "||vg.hu/banners/",
            "resourceTypes": [
                "image"
            ],
            "isUrlFilterCaseSensitive": false
        },
        "priority": 101
    },
    {
        "id": 1397,
        "action": {
            "type": "block"
        },
        "condition": {
            "urlFilter": "||webminute.hu/bannerek/",
            "resourceTypes": [
                "image"
            ],
            "isUrlFilterCaseSensitive": false
        },
        "priority": 101
    },
    {
        "id": 1398,
        "action": {
            "type": "block"
        },
        "condition": {
            "urlFilter": "||zeneszoveg.hu/gfx/skin-*/*.",
            "isUrlFilterCaseSensitive": false
        },
        "priority": 1
    },
    {
        "id": 1411,
        "action": {
            "type": "block"
        },
        "condition": {
            "urlFilter": "||ad*.gyaloglo.hu^",
            "isUrlFilterCaseSensitive": false
        },
        "priority": 1
    },
    {
        "id": 1412,
        "action": {
            "type": "block"
        },
        "condition": {
            "urlFilter": "||ad*.mellesleg.hu^",
            "isUrlFilterCaseSensitive": false
        },
        "priority": 1
    },
    {
        "id": 1419,
        "action": {
            "type": "block"
        },
        "condition": {
            "urlFilter": "||advert*.ultraweb.hu^",
            "isUrlFilterCaseSensitive": false
        },
        "priority": 1
    },
    {
        "id": 1420,
        "action": {
            "type": "block"
        },
        "condition": {
            "urlFilter": "||adverticum.*.hu^",
            "isUrlFilterCaseSensitive": false
        },
        "priority": 1
    },
    {
        "id": 1422,
        "action": {
            "type": "block"
        },
        "condition": {
            "urlFilter": "||as*.prog.hu^",
            "isUrlFilterCaseSensitive": false
        },
        "priority": 1
    },
    {
        "id": 1433,
        "action": {
            "type": "block"
        },
        "condition": {
            "urlFilter": "||etargetnet.*.hu^",
            "isUrlFilterCaseSensitive": false
        },
        "priority": 1
    },
    {
        "id": 1447,
        "action": {
            "type": "block"
        },
        "condition": {
            "urlFilter": "||rehs.*.hu^",
            "isUrlFilterCaseSensitive": false
        },
        "priority": 1
    },
    {
        "id": 1449,
        "action": {
            "type": "block"
        },
        "condition": {
            "urlFilter": "||sher.*.hu^",
            "isUrlFilterCaseSensitive": false
        },
        "priority": 1
    },
    {
        "id": 1454,
        "action": {
            "type": "block"
        },
        "condition": {
            "urlFilter": "||szemezgeto*.ingatlan.com^",
            "isUrlFilterCaseSensitive": false
        },
        "priority": 1
    },
    {
        "id": 1458,
        "action": {
            "type": "block"
        },
        "condition": {
            "urlFilter": "||abmr.net^",
            "domainType": "thirdParty",
            "isUrlFilterCaseSensitive": false
        },
        "priority": 2
    },
    {
        "id": 1459,
        "action": {
            "type": "block"
        },
        "condition": {
            "urlFilter": "||ad.hu^",
            "domainType": "thirdParty",
            "isUrlFilterCaseSensitive": false
        },
        "priority": 2
    },
    {
        "id": 1460,
        "action": {
            "type": "block"
        },
        "condition": {
            "urlFilter": "||ad4mat.net^",
            "domainType": "thirdParty",
            "isUrlFilterCaseSensitive": false
        },
        "priority": 2
    },
    {
        "id": 1461,
        "action": {
            "type": "block"
        },
        "condition": {
            "urlFilter": "||adfox.ru^",
            "domainType": "thirdParty",
            "isUrlFilterCaseSensitive": false
        },
        "priority": 2
    },
    {
        "id": 1462,
        "action": {
            "type": "block"
        },
        "condition": {
            "urlFilter": "||ads.sg.hu^",
            "domainType": "thirdParty",
            "isUrlFilterCaseSensitive": false
        },
        "priority": 2
    },
    {
        "id": 1463,
        "action": {
            "type": "block"
        },
        "condition": {
            "urlFilter": "||ads.ventivmedia.com^",
            "domainType": "thirdParty",
            "isUrlFilterCaseSensitive": false
        },
        "priority": 2
    },
    {
        "id": 1464,
        "action": {
            "type": "block"
        },
        "condition": {
            "urlFilter": "||advantage.as^",
            "domainType": "thirdParty",
            "isUrlFilterCaseSensitive": false
        },
        "priority": 2
    },
    {
        "id": 1465,
        "action": {
            "type": "block"
        },
        "condition": {
            "urlFilter": "||advertshot.ru^",
            "domainType": "thirdParty",
            "isUrlFilterCaseSensitive": false
        },
        "priority": 2
    },
    {
        "id": 1466,
        "action": {
            "type": "block"
        },
        "condition": {
            "urlFilter": "||affiliate.hu^",
            "domainType": "thirdParty",
            "isUrlFilterCaseSensitive": false
        },
        "priority": 2
    },
    {
        "id": 1467,
        "action": {
            "type": "block"
        },
        "condition": {
            "urlFilter": "||audtd.com^",
            "domainType": "thirdParty",
            "isUrlFilterCaseSensitive": false
        },
        "priority": 2
    },
    {
        "id": 1468,
        "action": {
            "type": "block"
        },
        "condition": {
            "urlFilter": "||banner.aqua.hu^",
            "domainType": "thirdParty",
            "isUrlFilterCaseSensitive": false
        },
        "priority": 2
    },
    {
        "id": 1469,
        "action": {
            "type": "block"
        },
        "condition": {
            "urlFilter": "||betfair.com^",
            "domainType": "thirdParty",
            "isUrlFilterCaseSensitive": false
        },
        "priority": 2
    },
    {
        "id": 1470,
        "action": {
            "type": "block"
        },
        "condition": {
            "urlFilter": "||bongacash.com^",
            "domainType": "thirdParty",
            "isUrlFilterCaseSensitive": false
        },
        "priority": 2
    },
    {
        "id": 1471,
        "action": {
            "type": "block"
        },
        "condition": {
            "urlFilter": "||calivary.com^",
            "domainType": "thirdParty",
            "isUrlFilterCaseSensitive": false
        },
        "priority": 2
    },
    {
        "id": 1472,
        "action": {
            "type": "block"
        },
        "condition": {
            "urlFilter": "||clicksure.com^",
            "domainType": "thirdParty",
            "isUrlFilterCaseSensitive": false
        },
        "priority": 2
    },
    {
        "id": 1473,
        "action": {
            "type": "block"
        },
        "condition": {
            "urlFilter": "||data.bookline.hu^",
            "domainType": "thirdParty",
            "isUrlFilterCaseSensitive": false
        },
        "priority": 2
    },
    {
        "id": 1474,
        "action": {
            "type": "block"
        },
        "condition": {
            "urlFilter": "||head-clickfusion.com^",
            "domainType": "thirdParty",
            "isUrlFilterCaseSensitive": false
        },
        "priority": 2
    },
    {
        "id": 1475,
        "action": {
            "type": "block"
        },
        "condition": {
            "urlFilter": "||hitelkereso.hu^",
            "domainType": "thirdParty",
            "isUrlFilterCaseSensitive": false
        },
        "priority": 2
    },
    {
        "id": 1476,
        "action": {
            "type": "block"
        },
        "condition": {
            "urlFilter": "||iforex.com^",
            "domainType": "thirdParty",
            "isUrlFilterCaseSensitive": false
        },
        "priority": 2
    },
    {
        "id": 1477,
        "action": {
            "type": "block"
        },
        "condition": {
            "urlFilter": "||iitech.dk^",
            "domainType": "thirdParty",
            "isUrlFilterCaseSensitive": false
        },
        "priority": 2
    },
    {
        "id": 1478,
        "action": {
            "type": "block"
        },
        "condition": {
            "urlFilter": "||ingatlannet.hu^",
            "domainType": "thirdParty",
            "isUrlFilterCaseSensitive": false
        },
        "priority": 2
    },
    {
        "id": 1479,
        "action": {
            "type": "block"
        },
        "condition": {
            "urlFilter": "||js.leadin.com^",
            "domainType": "thirdParty",
            "isUrlFilterCaseSensitive": false
        },
        "priority": 2
    },
    {
        "id": 1480,
        "action": {
            "type": "block"
        },
        "condition": {
            "urlFilter": "||klix.hu^",
            "domainType": "thirdParty",
            "isUrlFilterCaseSensitive": false
        },
        "priority": 2
    },
    {
        "id": 1481,
        "action": {
            "type": "block"
        },
        "condition": {
            "urlFilter": "||link.adaptivemedia.hu^",
            "domainType": "thirdParty",
            "isUrlFilterCaseSensitive": false
        },
        "priority": 2
    },
    {
        "id": 1482,
        "action": {
            "type": "block"
        },
        "condition": {
            "urlFilter": "||m2mzona.hu/ads^",
            "domainType": "thirdParty",
            "isUrlFilterCaseSensitive": false
        },
        "priority": 2
    },
    {
        "id": 1483,
        "action": {
            "type": "block"
        },
        "condition": {
            "urlFilter": "||match.rundsp.com^",
            "domainType": "thirdParty",
            "isUrlFilterCaseSensitive": false
        },
        "priority": 2
    },
    {
        "id": 1484,
        "action": {
            "type": "block"
        },
        "condition": {
            "urlFilter": "||mytarget.hu^",
            "domainType": "thirdParty",
            "isUrlFilterCaseSensitive": false
        },
        "priority": 2
    },
    {
        "id": 1485,
        "action": {
            "type": "block"
        },
        "condition": {
            "urlFilter": "||napiaszhirdetesek^",
            "domainType": "thirdParty",
            "isUrlFilterCaseSensitive": false
        },
        "priority": 2
    },
    {
        "id": 1486,
        "action": {
            "type": "block"
        },
        "condition": {
            "urlFilter": "||out.pladform.ru^",
            "domainType": "thirdParty",
            "isUrlFilterCaseSensitive": false
        },
        "priority": 2
    },
    {
        "id": 1487,
        "action": {
            "type": "block"
        },
        "condition": {
            "urlFilter": "||po.st^",
            "domainType": "thirdParty",
            "isUrlFilterCaseSensitive": false
        },
        "priority": 2
    },
    {
        "id": 1488,
        "action": {
            "type": "block"
        },
        "condition": {
            "urlFilter": "||pornedup.com^",
            "domainType": "thirdParty",
            "isUrlFilterCaseSensitive": false
        },
        "priority": 2
    },
    {
        "id": 1489,
        "action": {
            "type": "block"
        },
        "condition": {
            "urlFilter": "||premads.info^",
            "domainType": "thirdParty",
            "isUrlFilterCaseSensitive": false
        },
        "priority": 2
    },
    {
        "id": 1490,
        "action": {
            "type": "block"
        },
        "condition": {
            "urlFilter": "||salesmanago.pl^",
            "domainType": "thirdParty",
            "isUrlFilterCaseSensitive": false
        },
        "priority": 2
    },
    {
        "id": 1491,
        "action": {
            "type": "block"
        },
        "condition": {
            "urlFilter": "||seedr.com^",
            "domainType": "thirdParty",
            "isUrlFilterCaseSensitive": false
        },
        "priority": 2
    },
    {
        "id": 1492,
        "action": {
            "type": "block"
        },
        "condition": {
            "urlFilter": "||seedr.ru^",
            "domainType": "thirdParty",
            "isUrlFilterCaseSensitive": false
        },
        "priority": 2
    },
    {
        "id": 1493,
        "action": {
            "type": "block"
        },
        "condition": {
            "urlFilter": "||sexchat.hu^",
            "domainType": "thirdParty",
            "isUrlFilterCaseSensitive": false
        },
        "priority": 2
    },
    {
        "id": 1494,
        "action": {
            "type": "block"
        },
        "condition": {
            "urlFilter": "||shortlink.sex^",
            "domainType": "thirdParty",
            "isUrlFilterCaseSensitive": false
        },
        "priority": 2
    },
    {
        "id": 1495,
        "action": {
            "type": "block"
        },
        "condition": {
            "urlFilter": "||statsector.hu^",
            "domainType": "thirdParty",
            "isUrlFilterCaseSensitive": false
        },
        "priority": 2
    },
    {
        "id": 1496,
        "action": {
            "type": "block"
        },
        "condition": {
            "urlFilter": "||streameye.net^",
            "domainType": "thirdParty",
            "isUrlFilterCaseSensitive": false
        },
        "priority": 2
    },
    {
        "id": 1497,
        "action": {
            "type": "block"
        },
        "condition": {
            "urlFilter": "||sumome.com^",
            "domainType": "thirdParty",
            "isUrlFilterCaseSensitive": false
        },
        "priority": 2
    },
    {
        "id": 1498,
        "action": {
            "type": "block"
        },
        "condition": {
            "urlFilter": "||tripod.com^",
            "domainType": "thirdParty",
            "isUrlFilterCaseSensitive": false
        },
        "priority": 2
    },
    {
        "id": 1499,
        "action": {
            "type": "block"
        },
        "condition": {
            "urlFilter": "||tripod.lycos.com^",
            "domainType": "thirdParty",
            "isUrlFilterCaseSensitive": false
        },
        "priority": 2
    },
    {
        "id": 1500,
        "action": {
            "type": "block"
        },
        "condition": {
            "urlFilter": "||tulajdonostol.com^",
            "domainType": "thirdParty",
            "isUrlFilterCaseSensitive": false
        },
        "priority": 2
    },
    {
        "id": 1782,
        "action": {
            "type": "block"
        },
        "condition": {
            "urlFilter": "/js/push.js",
            "initiatorDomains": [
                "infostart.hu"
            ],
            "resourceTypes": [
                "script"
            ],
            "isUrlFilterCaseSensitive": false
        },
        "priority": 301
    },
    {
        "id": 1783,
        "action": {
            "type": "block"
        },
        "condition": {
            "urlFilter": "||cmp.quantcast.com^",
            "initiatorDomains": [
                "agrarszektor.hu",
                "autoszektor.hu",
                "bpiautosok.hu",
                "g7.hu",
                "hazipatika.com",
                "hellovidek.hu",
                "hrportal.hu",
                "magyarnarancs.hu",
                "index.hu",
                "pestisracok.hu",
                "portfolio.hu",
                "telex.hu",
                "totalcar.hu",
                "totalbike.hu",
                "szeretlekmagyarorszag.hu",
                "port.hu",
                "player.hu",
                "mandiner.hu",
                "budapestkornyeke.hu",
                "bacsmegye.hu",
                "civishir.hu",
                "baon.hu",
                "bama.hu",
                "beol.hu",
                "boon.hu",
                "delmagyar.hu",
                "duol.hu",
                "feol.hu",
                "kisalfold.hu",
                "haon.hu",
                "heol.hu",
                "szoljon.hu",
                "kemma.hu",
                "nool.hu",
                "sonline.hu",
                "szon.hu",
                "teol.hu",
                "vaol.hu",
                "veol.hu",
                "zaol.hu",
                "twice.hu",
                "sassy.hu",
                "prohardver.hu",
                "mobilarena.hu",
                "itcafe.hu",
                "gamepod.hu",
                "logout.hu",
                "hardverapro.hu",
                "pcwplus.hu",
                "gsplus.hu",
                "myonlineradio.hu",
                "blikk.hu"
            ],
            "resourceTypes": [
                "script"
            ],
            "isUrlFilterCaseSensitive": false
        },
        "priority": 203
    },
    {
        "id": 1784,
        "action": {
            "type": "block"
        },
        "condition": {
            "urlFilter": "||consent.cookiebot.com^",
            "domainType": "thirdParty",
            "initiatorDomains": [
                "agroinform.hu"
            ],
            "resourceTypes": [
                "script"
            ],
            "isUrlFilterCaseSensitive": false
        },
        "priority": 302
    },
    {
        "id": 1785,
        "action": {
            "type": "block"
        },
        "condition": {
            "urlFilter": "||medinfo.ocdn.eu/hu/consent_v2/choice.js^",
            "initiatorDomains": [
                "egeszsegkalauz.hu"
            ],
            "resourceTypes": [
                "script"
            ],
            "isUrlFilterCaseSensitive": false
        },
        "priority": 301
    },
    {
        "id": 1786,
        "action": {
            "type": "block"
        },
        "condition": {
            "urlFilter": "||quantcast.mgr.consensu.org^",
            "initiatorDomains": [
                "agrarszektor.hu",
                "autoszektor.hu",
                "bpiautosok.hu",
                "g7.hu",
                "hazipatika.com",
                "hellovidek.hu",
                "hrportal.hu",
                "magyarnarancs.hu",
                "index.hu",
                "pestisracok.hu",
                "portfolio.hu",
                "telex.hu",
                "totalcar.hu",
                "totalbike.hu",
                "szeretlekmagyarorszag.hu",
                "port.hu",
                "player.hu",
                "mandiner.hu",
                "budapestkornyeke.hu",
                "bacsmegye.hu",
                "civishir.hu",
                "baon.hu",
                "bama.hu",
                "beol.hu",
                "boon.hu",
                "delmagyar.hu",
                "duol.hu",
                "feol.hu",
                "kisalfold.hu",
                "haon.hu",
                "heol.hu",
                "szoljon.hu",
                "kemma.hu",
                "nool.hu",
                "sonline.hu",
                "szon.hu",
                "teol.hu",
                "vaol.hu",
                "veol.hu",
                "zaol.hu",
                "twice.hu",
                "sassy.hu",
                "pcwplus.hu",
                "gsplus.hu",
                "myonlineradio.hu",
                "blikk.hu"
            ],
            "resourceTypes": [
                "script"
            ],
            "isUrlFilterCaseSensitive": false
        },
        "priority": 204
    },
    {
        "id": 1787,
        "action": {
            "type": "block"
        },
        "condition": {
            "urlFilter": "||static.quantcast.mgr.consensu.org/v30/cmpui-popup.js^",
            "initiatorDomains": [
                "szeretlekmagyarorszag.hu"
            ],
            "resourceTypes": [
                "script"
            ],
            "isUrlFilterCaseSensitive": false
        },
        "priority": 301
    },
    {
        "id": 1788,
        "action": {
            "type": "block"
        },
        "condition": {
            "urlFilter": "||widget.blck4d.com/js/block/widget.js^",
            "initiatorDomains": [
                "starity.hu"
            ],
            "resourceTypes": [
                "script"
            ],
            "isUrlFilterCaseSensitive": false
        },
        "priority": 301
    },
    {
        "id": 1789,
        "action": {
            "type": "block"
        },
        "condition": {
            "urlFilter": "||cmp.inmobi.com^",
            "domainType": "thirdParty",
            "initiatorDomains": [
                "telex.hu",
                "origo.hu",
                "atlatszo.hu",
                "rtl.hu",
                "videa.hu",
                "myonlineradio.hu",
                "hvg.hu",
                "femina.hu",
                "prohardver.hu",
                "itcafe.hu",
                "mobilarena.hu",
                "gamepod.hu",
                "logout.hu",
                "fototrend.hu"
            ],
            "resourceTypes": [
                "script"
            ],
            "isUrlFilterCaseSensitive": false
        },
        "priority": 210
    },
    {
        "id": 1795,
        "action": {
            "type": "block"
        },
        "condition": {
            "urlFilter": "||hestore.hu/pic/cookie.png",
            "resourceTypes": [
                "image"
            ],
            "isUrlFilterCaseSensitive": false
        },
        "priority": 101
    },
    {
        "id": 1796,
        "action": {
            "type": "block"
        },
        "condition": {
            "urlFilter": "||itthonrolhaza.hu/wp-content/plugins/wp-popups-lite/src/assets/js/wppopups.js^",
            "resourceTypes": [
                "script"
            ],
            "isUrlFilterCaseSensitive": false
        },
        "priority": 101
    },
    {
        "id": 1797,
        "action": {
            "type": "block"
        },
        "condition": {
            "urlFilter": "||money.hu/assets-new/js/calculator-widget-init.js",
            "resourceTypes": [
                "script"
            ],
            "isUrlFilterCaseSensitive": false
        },
        "priority": 101
    },
    {
        "id": 1798,
        "action": {
            "type": "block"
        },
        "condition": {
            "urlFilter": "||penzcentrum.hu/assets/js/bioep.min.js",
            "resourceTypes": [
                "script"
            ],
            "isUrlFilterCaseSensitive": false
        },
        "priority": 101
    },
    {
        "id": 1799,
        "action": {
            "type": "block"
        },
        "condition": {
            "urlFilter": "||szepsegbroker.hu/items/jquery.floating_popup*.js^",
            "resourceTypes": [
                "script"
            ],
            "isUrlFilterCaseSensitive": false
        },
        "priority": 101
    },
    {
        "id": 1800,
        "action": {
            "type": "block"
        },
        "condition": {
            "urlFilter": "||liked.hu/choice/*/cmp2*.js^",
            "resourceTypes": [
                "script"
            ],
            "isUrlFilterCaseSensitive": false
        },
        "priority": 101
    },
    {
        "id": 1824,
        "action": {
            "type": "allow"
        },
        "condition": {
            "urlFilter": "||777blog.hu/wp-content/themes/florence/js/dfp.min.js^",
            "resourceTypes": [
                "script"
            ],
            "isUrlFilterCaseSensitive": false
        },
        "priority": 100101
    },
    {
        "id": 1826,
        "action": {
            "type": "allow"
        },
        "condition": {
            "urlFilter": "||bitepito.hu/rejtveny/data/ads/pagead/js/adsbygoogle.js^",
            "resourceTypes": [
                "script"
            ],
            "isUrlFilterCaseSensitive": false
        },
        "priority": 100101
    },
    {
        "id": 1827,
        "action": {
            "type": "allow"
        },
        "condition": {
            "urlFilter": "||bitepito.hu/rejtveny/data/ads/adsense.js^",
            "resourceTypes": [
                "script"
            ],
            "isUrlFilterCaseSensitive": false
        },
        "priority": 100101
    },
    {
        "id": 1828,
        "action": {
            "type": "allow"
        },
        "condition": {
            "urlFilter": "||bitepito.hu/rejtveny/data/ads/googleads.js^",
            "resourceTypes": [
                "script"
            ],
            "isUrlFilterCaseSensitive": false
        },
        "priority": 100101
    },
    {
        "id": 1829,
        "action": {
            "type": "allow"
        },
        "condition": {
            "urlFilter": "||meszotar.hu/scripts/advertising.js",
            "resourceTypes": [
                "script"
            ],
            "isUrlFilterCaseSensitive": false
        },
        "priority": 100101
    },
    {
        "id": 1830,
        "action": {
            "type": "block"
        },
        "condition": {
            "urlFilter": "||onlinestream.live/js/adb.js",
            "resourceTypes": [
                "script"
            ],
            "isUrlFilterCaseSensitive": false
        },
        "priority": 101
    },
    {
        "id": 1836,
        "action": {
            "type": "block"
        },
        "condition": {
            "urlFilter": "||cdn.performax.cz/acc/insert_rtb.js",
            "initiatorDomains": [
                "bpiautosok.hu"
            ],
            "resourceTypes": [
                "script"
            ],
            "isUrlFilterCaseSensitive": false
        },
        "priority": 301
    },
    {
        "id": 1837,
        "action": {
            "type": "block"
        },
        "condition": {
            "urlFilter": "||api.indidata.com^",
            "domainType": "thirdParty",
            "initiatorDomains": [
                "civishir.hu"
            ],
            "isUrlFilterCaseSensitive": false
        },
        "priority": 202
    },
    {
        "id": 1841,
        "action": {
            "type": "block"
        },
        "condition": {
            "urlFilter": "/gemius.js^",
            "resourceTypes": [
                "script"
            ],
            "isUrlFilterCaseSensitive": false
        },
        "priority": 101
    },
    {
        "id": 1842,
        "action": {
            "type": "block"
        },
        "condition": {
            "urlFilter": "/gemius.min.js^",
            "resourceTypes": [
                "script"
            ],
            "isUrlFilterCaseSensitive": false
        },
        "priority": 101
    },
    {
        "id": 1843,
        "action": {
            "type": "block"
        },
        "condition": {
            "urlFilter": "/traffic.js",
            "resourceTypes": [
                "script"
            ],
            "isUrlFilterCaseSensitive": false
        },
        "priority": 101
    },
    {
        "id": 1844,
        "action": {
            "type": "block"
        },
        "condition": {
            "urlFilter": "/traffic.min.js",
            "resourceTypes": [
                "script"
            ],
            "isUrlFilterCaseSensitive": false
        },
        "priority": 101
    },
    {
        "id": 1845,
        "action": {
            "type": "block"
        },
        "condition": {
            "urlFilter": "/xgemius.js^",
            "resourceTypes": [
                "script"
            ],
            "isUrlFilterCaseSensitive": false
        },
        "priority": 101
    },
    {
        "id": 1846,
        "action": {
            "type": "block"
        },
        "condition": {
            "urlFilter": "/xgemius.min.js^",
            "resourceTypes": [
                "script"
            ],
            "isUrlFilterCaseSensitive": false
        },
        "priority": 101
    },
    {
        "id": 1847,
        "action": {
            "type": "block"
        },
        "condition": {
            "urlFilter": "*.hu/userip.php",
            "isUrlFilterCaseSensitive": false
        },
        "priority": 1
    },
    {
        "id": 1848,
        "action": {
            "type": "block"
        },
        "condition": {
            "urlFilter": "||infostart.hu/js/ga.js",
            "resourceTypes": [
                "script"
            ],
            "isUrlFilterCaseSensitive": false
        },
        "priority": 101
    },
    {
        "id": 1849,
        "action": {
            "type": "block"
        },
        "condition": {
            "urlFilter": "||websas.hu/statistics/",
            "isUrlFilterCaseSensitive": false
        },
        "priority": 1
    },
    {
        "id": 1864,
        "action": {
            "type": "block"
        },
        "condition": {
            "urlFilter": "||analytics.yahoo.com^",
            "domainType": "thirdParty",
            "isUrlFilterCaseSensitive": false
        },
        "priority": 2
    },
    {
        "id": 1865,
        "action": {
            "type": "block"
        },
        "condition": {
            "urlFilter": "||counter.hitslink.com^",
            "domainType": "thirdParty",
            "isUrlFilterCaseSensitive": false
        },
        "priority": 2
    },
    {
        "id": 1867,
        "action": {
            "type": "block"
        },
        "condition": {
            "urlFilter": "||ex1tp.com^",
            "domainType": "thirdParty",
            "isUrlFilterCaseSensitive": false
        },
        "priority": 2
    },
    {
        "id": 1868,
        "action": {
            "type": "block"
        },
        "condition": {
            "urlFilter": "||google-analytics.com^",
            "domainType": "thirdParty",
            "isUrlFilterCaseSensitive": false
        },
        "priority": 2
    },
    {
        "id": 1869,
        "action": {
            "type": "block"
        },
        "condition": {
            "urlFilter": "||gravity.com^",
            "domainType": "thirdParty",
            "isUrlFilterCaseSensitive": false
        },
        "priority": 2
    },
    {
        "id": 1870,
        "action": {
            "type": "block"
        },
        "condition": {
            "urlFilter": "||lo.v.liveperson.net^",
            "domainType": "thirdParty",
            "isUrlFilterCaseSensitive": false
        },
        "priority": 2
    },
    {
        "id": 1871,
        "action": {
            "type": "block"
        },
        "condition": {
            "urlFilter": "||onesignal.com^",
            "domainType": "thirdParty",
            "isUrlFilterCaseSensitive": false
        },
        "priority": 2
    },
    {
        "id": 1872,
        "action": {
            "type": "block"
        },
        "condition": {
            "urlFilter": "||performax.cz^",
            "domainType": "thirdParty",
            "isUrlFilterCaseSensitive": false
        },
        "priority": 2
    },
    {
        "id": 1873,
        "action": {
            "type": "block"
        },
        "condition": {
            "urlFilter": "||targetix.net^",
            "domainType": "thirdParty",
            "isUrlFilterCaseSensitive": false
        },
        "priority": 2
    },
    {
        "id": 1874,
        "action": {
            "type": "block"
        },
        "condition": {
            "urlFilter": "||track306.info^",
            "domainType": "thirdParty",
            "isUrlFilterCaseSensitive": false
        },
        "priority": 2
    },
    {
        "id": 1875,
        "action": {
            "type": "block"
        },
        "condition": {
            "urlFilter": "||trackingterrorism.org^",
            "domainType": "thirdParty",
            "isUrlFilterCaseSensitive": false
        },
        "priority": 2
    },
    {
        "id": 1876,
        "action": {
            "type": "block"
        },
        "condition": {
            "urlFilter": "||va.v.liveperson.net^",
            "domainType": "thirdParty",
            "resourceTypes": [
                "script"
            ],
            "isUrlFilterCaseSensitive": false
        },
        "priority": 102
    },
    {
        "id": 1883,
        "action": {
            "type": "allow"
        },
        "condition": {
            "urlFilter": "||imasdk.googleapis.com/js/sdkloader/ima3.js",
            "initiatorDomains": [
                "mafab.hu"
            ],
            "isUrlFilterCaseSensitive": false
        },
        "priority": 100201
    },
    {
        "id": 1902,
        "action": {
            "type": "block"
        },
        "condition": {
            "urlFilter": "/inside-banner.mini.js",
            "initiatorDomains": [
                "myonlineradio.hu"
            ],
            "isUrlFilterCaseSensitive": false
        },
        "priority": 201
    },
    {
        "id": 1985,
        "action": {
            "type": "redirect",
            "redirect": {
                "extensionPath": "/web_accessible_resources/nooptext.js"
            }
        },
        "condition": {
            "urlFilter": "||pagead2.googlesyndication.com/pagead/js/adsbygoogle.js",
            "initiatorDomains": [
                "cinemo.hu"
            ],
            "resourceTypes": [
                "xmlhttprequest"
            ],
            "isUrlFilterCaseSensitive": false
        },
        "priority": 1301
    },
    {
        "id": 1986,
        "action": {
            "type": "redirect",
            "redirect": {
                "extensionPath": "/web_accessible_resources/nooptext.js"
            }
        },
        "condition": {
            "urlFilter": "||sovrn.com",
            "initiatorDomains": [
                "cinemo.hu"
            ],
            "resourceTypes": [
                "xmlhttprequest"
            ],
            "isUrlFilterCaseSensitive": false
        },
        "priority": 1301
    },
    {
        "id": 1988,
        "action": {
            "type": "redirect",
            "redirect": {
                "extensionPath": "/web_accessible_resources/noopjs.js"
            }
        },
        "condition": {
            "urlFilter": "||pagead2.googlesyndication.com/pagead/js/adsbygoogle.js^",
            "initiatorDomains": [
                "myonlineradio.hu"
            ],
            "resourceTypes": [
                "script"
            ],
            "isUrlFilterCaseSensitive": false
        },
        "priority": 1301
    }
]