[
    {
        "id": 32,
        "action": {
            "type": "block"
        },
        "condition": {
            "requestDomains": [
                "ad.zurnal24.si",
                "adform.net",
                "ads-oglasi.api.24ur.si",
                "ads-store.24ur.com",
                "ads.24ur.com",
                "bonbonijezero.xyz",
                "clublwd.nl",
                "hranavrt.xyz",
                "kruhzgodovina.xyz",
                "kuminaluna.xyz",
                "mandljigeografija.xyz",
                "maslootok.xyz",
                "piscanecmatematika.xyz",
                "sladicagora.xyz",
                "static.plista.com",
                "zajtrkhisa.xyz"
            ]
        },
        "priority": 1
    },
    {
        "id": 13,
        "action": {
            "type": "allow"
        },
        "condition": {
            "urlFilter": "||bar.piano-media.com/auth",
            "initiatorDomains": [
                "dnevnik.si"
            ],
            "resourceTypes": [
                "script"
            ],
            "isUrlFilterCaseSensitive": false
        },
        "priority": 101000
    },
    {
        "id": 73,
        "action": {
            "type": "block"
        },
        "condition": {
            "urlFilter": "||oglasi.slo-tech.com^",
            "excludedInitiatorDomains": [
                "oglasi.slo-tech.com"
            ],
            "excludedRequestDomains": [],
            "excludedResourceTypes": [],
            "isUrlFilterCaseSensitive": false
        },
        "priority": 2
    },
    {
        "id": 11,
        "action": {
            "type": "allow"
        },
        "condition": {
            "urlFilter": "||ads.api.24ur.si^",
            "initiatorDomains": [
                "24ur.com",
                "bibaleze.si",
                "cekin.si",
                "dominvrt.si",
                "moskisvet.com",
                "okusno.je",
                "vizita.si",
                "zadovoljna.si"
            ],
            "resourceTypes": [
                "xmlhttprequest"
            ],
            "isUrlFilterCaseSensitive": false
        },
        "priority": 100214
    },
    {
        "id": 12,
        "action": {
            "type": "allow"
        },
        "condition": {
            "urlFilter": "||akumulator.si/img/upload/banners/*.jpg",
            "initiatorDomains": [
                "akumulator.si"
            ],
            "isUrlFilterCaseSensitive": false
        },
        "priority": 100201
    },
    {
        "id": 14,
        "action": {
            "type": "allow"
        },
        "condition": {
            "urlFilter": "||bar.piano-media.com/dnevnik/bar.js",
            "isUrlFilterCaseSensitive": false
        },
        "priority": 100001
    },
    {
        "id": 15,
        "action": {
            "type": "allow"
        },
        "condition": {
            "urlFilter": "||celje.info/wp-content/plugins/simple-share-buttons-adder/buttons/pagepeel/*.png",
            "isUrlFilterCaseSensitive": false
        },
        "priority": 100001
    },
    {
        "id": 16,
        "action": {
            "type": "allow"
        },
        "condition": {
            "urlFilter": "||fbcdn.net/hads-xpt1/v/",
            "initiatorDomains": [
                "klip.si"
            ],
            "isUrlFilterCaseSensitive": false
        },
        "priority": 100201
    },
    {
        "id": 17,
        "action": {
            "type": "allow"
        },
        "condition": {
            "urlFilter": "||google-analytics.com/ga.js",
            "initiatorDomains": [
                "prehrana.si"
            ],
            "isUrlFilterCaseSensitive": false
        },
        "priority": 100201
    },
    {
        "id": 18,
        "action": {
            "type": "allow"
        },
        "condition": {
            "urlFilter": "||graph.facebook.com/",
            "initiatorDomains": [
                "svet24.si"
            ],
            "isUrlFilterCaseSensitive": false
        },
        "priority": 100201
    },
    {
        "id": 19,
        "action": {
            "type": "allow"
        },
        "condition": {
            "urlFilter": "||images.contentexchange.me/fit",
            "initiatorDomains": [
                "igrice.hudo.com"
            ],
            "isUrlFilterCaseSensitive": false
        },
        "priority": 100201
    },
    {
        "id": 20,
        "action": {
            "type": "allow"
        },
        "condition": {
            "urlFilter": "||mp.piano-media.com/bucket/novosense.swf",
            "initiatorDomains": [
                "dnevnik.si"
            ],
            "isUrlFilterCaseSensitive": false
        },
        "priority": 100201
    },
    {
        "id": 21,
        "action": {
            "type": "allow"
        },
        "condition": {
            "urlFilter": "||mp.piano-media.com/js/bp.html",
            "initiatorDomains": [
                "dnevnik.si"
            ],
            "isUrlFilterCaseSensitive": false
        },
        "priority": 100201
    },
    {
        "id": 22,
        "action": {
            "type": "allow"
        },
        "condition": {
            "urlFilter": "||mp.piano-media.com/uid",
            "initiatorDomains": [
                "dnevnik.si"
            ],
            "isUrlFilterCaseSensitive": false
        },
        "priority": 100201
    },
    {
        "id": 23,
        "action": {
            "type": "allow"
        },
        "condition": {
            "urlFilter": "||sibautomation.com/cm.html",
            "resourceTypes": [
                "sub_frame"
            ],
            "isUrlFilterCaseSensitive": false
        },
        "priority": 100101
    },
    {
        "id": 24,
        "action": {
            "type": "allow"
        },
        "condition": {
            "urlFilter": "||sparky.internetmedia.si^",
            "initiatorDomains": [
                "nepremicnine.net"
            ],
            "isUrlFilterCaseSensitive": false
        },
        "priority": 100201
    },
    {
        "id": 25,
        "action": {
            "type": "allow"
        },
        "condition": {
            "urlFilter": "||static.igre123.com/ads/*.gif",
            "initiatorDomains": [
                "igre123.com"
            ],
            "isUrlFilterCaseSensitive": false
        },
        "priority": 100201
    },
    {
        "id": 29,
        "action": {
            "type": "block"
        },
        "condition": {
            "urlFilter": "/piwik.js",
            "isUrlFilterCaseSensitive": false
        },
        "priority": 1
    },
    {
        "id": 31,
        "action": {
            "type": "block"
        },
        "condition": {
            "urlFilter": "*.disqus.com/count.js",
            "isUrlFilterCaseSensitive": false
        },
        "priority": 1
    },
    {
        "id": 37,
        "action": {
            "type": "block"
        },
        "condition": {
            "urlFilter": "||amazonaws.com/banners.wave.si",
            "resourceTypes": [
                "sub_frame"
            ],
            "isUrlFilterCaseSensitive": false
        },
        "priority": 101
    },
    {
        "id": 38,
        "action": {
            "type": "block"
        },
        "condition": {
            "urlFilter": "||avto.net/_banner/Mornar",
            "isUrlFilterCaseSensitive": false
        },
        "priority": 1
    },
    {
        "id": 39,
        "action": {
            "type": "block"
        },
        "condition": {
            "urlFilter": "||bolha.com/*/banneri",
            "isUrlFilterCaseSensitive": false
        },
        "priority": 1
    },
    {
        "id": 40,
        "action": {
            "type": "block"
        },
        "condition": {
            "urlFilter": "||cdn-next.megabon.eu/sl/widgets/delo",
            "resourceTypes": [
                "sub_frame"
            ],
            "isUrlFilterCaseSensitive": false
        },
        "priority": 101
    },
    {
        "id": 41,
        "action": {
            "type": "block"
        },
        "condition": {
            "urlFilter": "||celje.info/wp-content/uploads/*avtohisa_drev.jpg",
            "isUrlFilterCaseSensitive": false
        },
        "priority": 1
    },
    {
        "id": 42,
        "action": {
            "type": "block"
        },
        "condition": {
            "urlFilter": "||celje.info/wp-content/uploads/*/krajnc*.jpg",
            "isUrlFilterCaseSensitive": false
        },
        "priority": 1
    },
    {
        "id": 43,
        "action": {
            "type": "block"
        },
        "condition": {
            "urlFilter": "||celje.info/wp-content/uploads/*/Polovicka*.jpg",
            "isUrlFilterCaseSensitive": false
        },
        "priority": 1
    },
    {
        "id": 44,
        "action": {
            "type": "block"
        },
        "condition": {
            "urlFilter": "||ceneje.si/*?track=",
            "isUrlFilterCaseSensitive": false
        },
        "priority": 1
    },
    {
        "id": 45,
        "action": {
            "type": "block"
        },
        "condition": {
            "urlFilter": "||code.jquery.com/jquery-1*.js",
            "initiatorDomains": [
                "reporter.si"
            ],
            "resourceTypes": [
                "script"
            ],
            "isUrlFilterCaseSensitive": false
        },
        "priority": 301
    },
    {
        "id": 46,
        "action": {
            "type": "block"
        },
        "condition": {
            "urlFilter": "||engine2.livenetlife.com/Ping.aspx",
            "isUrlFilterCaseSensitive": false
        },
        "priority": 1
    },
    {
        "id": 47,
        "action": {
            "type": "block"
        },
        "condition": {
            "urlFilter": "||facebook.com/tr/?",
            "isUrlFilterCaseSensitive": false
        },
        "priority": 1
    },
    {
        "id": 48,
        "action": {
            "type": "block"
        },
        "condition": {
            "urlFilter": "||facebook.com/tr?",
            "isUrlFilterCaseSensitive": false
        },
        "priority": 1
    },
    {
        "id": 49,
        "action": {
            "type": "block"
        },
        "condition": {
            "urlFilter": "||files.dnevnik.si/2013/porabi.jpg",
            "isUrlFilterCaseSensitive": false
        },
        "priority": 1
    },
    {
        "id": 50,
        "action": {
            "type": "block"
        },
        "condition": {
            "urlFilter": "||files.dnevnik.si/2014/Emona_banner.jpg",
            "isUrlFilterCaseSensitive": false
        },
        "priority": 1
    },
    {
        "id": 51,
        "action": {
            "type": "block"
        },
        "condition": {
            "urlFilter": "||golfportal.info/*/banner*.png",
            "isUrlFilterCaseSensitive": false
        },
        "priority": 1
    },
    {
        "id": 52,
        "action": {
            "type": "block"
        },
        "condition": {
            "urlFilter": "||hudo.com/*/im_banner*.jpg",
            "isUrlFilterCaseSensitive": false
        },
        "priority": 1
    },
    {
        "id": 53,
        "action": {
            "type": "block"
        },
        "condition": {
            "urlFilter": "||ipromcloud.com/ipromNS.js",
            "isUrlFilterCaseSensitive": false
        },
        "priority": 1
    },
    {
        "id": 54,
        "action": {
            "type": "block"
        },
        "condition": {
            "urlFilter": "||iprom.net/adasync.js",
            "isUrlFilterCaseSensitive": false
        },
        "priority": 1
    },
    {
        "id": 55,
        "action": {
            "type": "block"
        },
        "condition": {
            "urlFilter": "||itis.si/Embed_AdvertisersPromo.aspx",
            "isUrlFilterCaseSensitive": false
        },
        "priority": 1
    },
    {
        "id": 56,
        "action": {
            "type": "block"
        },
        "condition": {
            "urlFilter": "||kuula.co/share",
            "initiatorDomains": [
                "avto.net"
            ],
            "isUrlFilterCaseSensitive": false
        },
        "priority": 201
    },
    {
        "id": 57,
        "action": {
            "type": "block"
        },
        "condition": {
            "urlFilter": "||lokalno.si/inc/ads-frame.asp",
            "isUrlFilterCaseSensitive": false
        },
        "priority": 1
    },
    {
        "id": 58,
        "action": {
            "type": "block"
        },
        "condition": {
            "urlFilter": "||mailerlite.com/*/banners",
            "isUrlFilterCaseSensitive": false
        },
        "priority": 1
    },
    {
        "id": 59,
        "action": {
            "type": "block"
        },
        "condition": {
            "urlFilter": "||maps.googleapis.com/maps/api/js/quotaservice.recordevent",
            "isUrlFilterCaseSensitive": false
        },
        "priority": 1
    },
    {
        "id": 60,
        "action": {
            "type": "block"
        },
        "condition": {
            "urlFilter": "||maps.googleapis.com/*/stats.js",
            "isUrlFilterCaseSensitive": false
        },
        "priority": 1
    },
    {
        "id": 61,
        "action": {
            "type": "block"
        },
        "condition": {
            "urlFilter": "||media.privoscite.si/dsg/4/1/214f2ce6ae3fccbff35c0fae3c3688.jpg",
            "isUrlFilterCaseSensitive": false
        },
        "priority": 1
    },
    {
        "id": 62,
        "action": {
            "type": "block"
        },
        "condition": {
            "urlFilter": "||media.privoscite.si/dsg/5/d/58f4ed3192fefe752c56782a4e35ea.jpg",
            "isUrlFilterCaseSensitive": false
        },
        "priority": 1
    },
    {
        "id": 63,
        "action": {
            "type": "block"
        },
        "condition": {
            "urlFilter": "||megabon.eu/sl/widgets/slovenske_novice",
            "isUrlFilterCaseSensitive": false
        },
        "priority": 1
    },
    {
        "id": 64,
        "action": {
            "type": "block"
        },
        "condition": {
            "urlFilter": "||mimovrste.com/*/marxy.js",
            "isUrlFilterCaseSensitive": false
        },
        "priority": 1
    },
    {
        "id": 65,
        "action": {
            "type": "block"
        },
        "condition": {
            "urlFilter": "||mlacom.si/modules/footermod/otherbg/mlacom-ozadje*.jpg",
            "isUrlFilterCaseSensitive": false
        },
        "priority": 1
    },
    {
        "id": 66,
        "action": {
            "type": "block"
        },
        "condition": {
            "urlFilter": "||mladina.si/*jquery.fancybox.js",
            "isUrlFilterCaseSensitive": false
        },
        "priority": 1
    },
    {
        "id": 67,
        "action": {
            "type": "block"
        },
        "condition": {
            "urlFilter": "||mladina.si/media/img/oglasi/",
            "isUrlFilterCaseSensitive": false
        },
        "priority": 1
    },
    {
        "id": 68,
        "action": {
            "type": "block"
        },
        "condition": {
            "urlFilter": "||mojblink.si/pic/banners/*.gif",
            "isUrlFilterCaseSensitive": false
        },
        "priority": 1
    },
    {
        "id": 69,
        "action": {
            "type": "block"
        },
        "condition": {
            "urlFilter": "||mojblink.si/pic/banners/*.jpg",
            "isUrlFilterCaseSensitive": false
        },
        "priority": 1
    },
    {
        "id": 70,
        "action": {
            "type": "block"
        },
        "condition": {
            "urlFilter": "||monitor.si/media/img/",
            "resourceTypes": [
                "sub_frame"
            ],
            "isUrlFilterCaseSensitive": false
        },
        "priority": 101
    },
    {
        "id": 71,
        "action": {
            "type": "block"
        },
        "condition": {
            "urlFilter": "||nepremicnine.click/ad-files/",
            "isUrlFilterCaseSensitive": false
        },
        "priority": 1
    },
    {
        "id": 72,
        "action": {
            "type": "block"
        },
        "condition": {
            "urlFilter": "||novice.si/*/oglasuj.jpg",
            "isUrlFilterCaseSensitive": false
        },
        "priority": 1
    },
    {
        "id": 74,
        "action": {
            "type": "block"
        },
        "condition": {
            "urlFilter": "||over.net/feedo.min.js",
            "isUrlFilterCaseSensitive": false
        },
        "priority": 1
    },
    {
        "id": 75,
        "action": {
            "type": "block"
        },
        "condition": {
            "urlFilter": "||partis.si/ads",
            "isUrlFilterCaseSensitive": false
        },
        "priority": 1
    },
    {
        "id": 76,
        "action": {
            "type": "block"
        },
        "condition": {
            "urlFilter": "||pcplus.si/media/wysiwyg/infortis/fortis/_backgrounds/default/*.jpg",
            "isUrlFilterCaseSensitive": false
        },
        "priority": 1
    },
    {
        "id": 77,
        "action": {
            "type": "block"
        },
        "condition": {
            "urlFilter": "||phobs.net/check.php",
            "isUrlFilterCaseSensitive": false
        },
        "priority": 1
    },
    {
        "id": 78,
        "action": {
            "type": "block"
        },
        "condition": {
            "urlFilter": "||pokukaj.si/data/oglasi/",
            "isUrlFilterCaseSensitive": false
        },
        "priority": 1
    },
    {
        "id": 79,
        "action": {
            "type": "block"
        },
        "condition": {
            "urlFilter": "||pomurec.com/data/oglasi/",
            "isUrlFilterCaseSensitive": false
        },
        "priority": 1
    },
    {
        "id": 80,
        "action": {
            "type": "block"
        },
        "condition": {
            "urlFilter": "||reporter.si/misc/gemius.js",
            "isUrlFilterCaseSensitive": false
        },
        "priority": 1
    },
    {
        "id": 81,
        "action": {
            "type": "block"
        },
        "condition": {
            "urlFilter": "||reporter.si/sites/all/modules/jquery_update/replace/jquery/1.8/jquery.js",
            "initiatorDomains": [
                "reporter.si"
            ],
            "resourceTypes": [
                "script"
            ],
            "isUrlFilterCaseSensitive": false
        },
        "priority": 301
    },
    {
        "id": 82,
        "action": {
            "type": "block"
        },
        "condition": {
            "urlFilter": "||reporter.si/sites/all/themes/bootstrap_barrio/images/oglasniprevzemkorporepor.jpg",
            "isUrlFilterCaseSensitive": false
        },
        "priority": 1
    },
    {
        "id": 83,
        "action": {
            "type": "block"
        },
        "condition": {
            "urlFilter": "||reporter.si/sites/all/themes/bootstrap_barrio/images/ozadje*1920x1080.jpg",
            "isUrlFilterCaseSensitive": false
        },
        "priority": 1
    },
    {
        "id": 84,
        "action": {
            "type": "block"
        },
        "condition": {
            "urlFilter": "||reporter.si/sites/all/themes/bootstrap_barrio/images/posta-*.jpg",
            "isUrlFilterCaseSensitive": false
        },
        "priority": 1
    },
    {
        "id": 85,
        "action": {
            "type": "block"
        },
        "condition": {
            "urlFilter": "||reporter.si/sites/all/themes/custom/bootstrap_barrio/images/ozadjetriglav*.jpg",
            "isUrlFilterCaseSensitive": false
        },
        "priority": 1
    },
    {
        "id": 86,
        "action": {
            "type": "block"
        },
        "condition": {
            "urlFilter": "||studentski-servis.com/themes/e-studentski-servis/assets/media/dsg/background*.jpg",
            "isUrlFilterCaseSensitive": false
        },
        "priority": 1
    },
    {
        "id": 88,
        "action": {
            "type": "block"
        },
        "condition": {
            "urlFilter": "||static.dijaski.net/graphics/aff/telemach2.png",
            "isUrlFilterCaseSensitive": false
        },
        "priority": 1
    },
    {
        "id": 90,
        "action": {
            "type": "block"
        },
        "condition": {
            "urlFilter": "||stop-neplacniki.si/*/Bannerji",
            "isUrlFilterCaseSensitive": false
        },
        "priority": 1
    },
    {
        "id": 91,
        "action": {
            "type": "block"
        },
        "condition": {
            "urlFilter": "||studentarija.net/wp-content/uploads/*/*.jpg",
            "isUrlFilterCaseSensitive": false
        },
        "priority": 1
    },
    {
        "id": 92,
        "action": {
            "type": "block"
        },
        "condition": {
            "urlFilter": "||tvambienti.si/wp-admin/admin-ajax.php",
            "isUrlFilterCaseSensitive": false
        },
        "priority": 1
    },
    {
        "id": 93,
        "action": {
            "type": "block"
        },
        "condition": {
            "urlFilter": "||varna-voznja.si/upload/banners/",
            "isUrlFilterCaseSensitive": false
        },
        "priority": 1
    },
    {
        "id": 94,
        "action": {
            "type": "block"
        },
        "condition": {
            "urlFilter": "||vaven.co/loader.js",
            "initiatorDomains": [
                "bolha.com"
            ],
            "resourceTypes": [
                "script"
            ],
            "isUrlFilterCaseSensitive": false
        },
        "priority": 301
    },
    {
        "id": 95,
        "action": {
            "type": "block"
        },
        "condition": {
            "urlFilter": "||vecer.com/*/oglasi/",
            "isUrlFilterCaseSensitive": false
        },
        "priority": 1
    },
    {
        "id": 96,
        "action": {
            "type": "block"
        },
        "condition": {
            "urlFilter": "||widgets.outbrain.com/outbrain.js",
            "isUrlFilterCaseSensitive": false
        },
        "priority": 1
    },
    {
        "id": 97,
        "action": {
            "type": "block"
        },
        "condition": {
            "urlFilter": "||www.bicikel.com/narocilo-revij.png",
            "isUrlFilterCaseSensitive": false
        },
        "priority": 1
    },
    {
        "id": 98,
        "action": {
            "type": "block"
        },
        "condition": {
            "urlFilter": "||www.monolitmap.si/system/application/addons/images/page/poi_banner.png",
            "isUrlFilterCaseSensitive": false
        },
        "priority": 1
    },
    {
        "id": 99,
        "action": {
            "type": "block"
        },
        "condition": {
            "urlFilter": "||www.skladi.com/images/overlay.png",
            "isUrlFilterCaseSensitive": false
        },
        "priority": 1
    },
    {
        "id": 100,
        "action": {
            "type": "block"
        },
        "condition": {
            "urlFilter": "||zurnal24.si/banners/*/inartc",
            "isUrlFilterCaseSensitive": false
        },
        "priority": 1
    },
    {
        "id": 115,
        "action": {
            "type": "block"
        },
        "condition": {
            "urlFilter": "||ad1.si^",
            "domainType": "thirdParty",
            "isUrlFilterCaseSensitive": false
        },
        "priority": 2
    },
    {
        "id": 116,
        "action": {
            "type": "block"
        },
        "condition": {
            "urlFilter": "||ad.exilio.net^",
            "domainType": "thirdParty",
            "isUrlFilterCaseSensitive": false
        },
        "priority": 2
    },
    {
        "id": 117,
        "action": {
            "type": "block"
        },
        "condition": {
            "urlFilter": "||ad.propellente.net^",
            "domainType": "thirdParty",
            "isUrlFilterCaseSensitive": false
        },
        "priority": 2
    },
    {
        "id": 118,
        "action": {
            "type": "block"
        },
        "condition": {
            "urlFilter": "||booster3000.si^",
            "domainType": "thirdParty",
            "isUrlFilterCaseSensitive": false
        },
        "priority": 2
    },
    {
        "id": 119,
        "action": {
            "type": "block"
        },
        "condition": {
            "urlFilter": "||browser-update.org^",
            "domainType": "thirdParty",
            "isUrlFilterCaseSensitive": false
        },
        "priority": 2
    },
    {
        "id": 120,
        "action": {
            "type": "block"
        },
        "condition": {
            "urlFilter": "||ced.sascdn.com^",
            "domainType": "thirdParty",
            "isUrlFilterCaseSensitive": false
        },
        "priority": 2
    },
    {
        "id": 121,
        "action": {
            "type": "block"
        },
        "condition": {
            "urlFilter": "||chimpstatic.com^",
            "domainType": "thirdParty",
            "isUrlFilterCaseSensitive": false
        },
        "priority": 2
    },
    {
        "id": 122,
        "action": {
            "type": "block"
        },
        "condition": {
            "urlFilter": "||contentexchange.me^",
            "domainType": "thirdParty",
            "isUrlFilterCaseSensitive": false
        },
        "priority": 2
    },
    {
        "id": 123,
        "action": {
            "type": "block"
        },
        "condition": {
            "urlFilter": "||databreakers.com^",
            "domainType": "thirdParty",
            "isUrlFilterCaseSensitive": false
        },
        "priority": 2
    },
    {
        "id": 124,
        "action": {
            "type": "block"
        },
        "condition": {
            "urlFilter": "||dnetwork.si^",
            "domainType": "thirdParty",
            "isUrlFilterCaseSensitive": false
        },
        "priority": 2
    },
    {
        "id": 125,
        "action": {
            "type": "block"
        },
        "condition": {
            "urlFilter": "||eppmedia.si^",
            "domainType": "thirdParty",
            "isUrlFilterCaseSensitive": false
        },
        "priority": 2
    },
    {
        "id": 126,
        "action": {
            "type": "block"
        },
        "condition": {
            "urlFilter": "||get-native.eu^",
            "domainType": "thirdParty",
            "isUrlFilterCaseSensitive": false
        },
        "priority": 2
    },
    {
        "id": 127,
        "action": {
            "type": "block"
        },
        "condition": {
            "urlFilter": "||internetmedia.si^",
            "domainType": "thirdParty",
            "isUrlFilterCaseSensitive": false
        },
        "priority": 2
    },
    {
        "id": 128,
        "action": {
            "type": "block"
        },
        "condition": {
            "urlFilter": "||interseek.si^",
            "domainType": "thirdParty",
            "isUrlFilterCaseSensitive": false
        },
        "priority": 2
    },
    {
        "id": 129,
        "action": {
            "type": "block"
        },
        "condition": {
            "urlFilter": "||intextad.net^",
            "domainType": "thirdParty",
            "isUrlFilterCaseSensitive": false
        },
        "priority": 2
    },
    {
        "id": 130,
        "action": {
            "type": "block"
        },
        "condition": {
            "urlFilter": "||leadsdome.com^",
            "domainType": "thirdParty",
            "isUrlFilterCaseSensitive": false
        },
        "priority": 2
    },
    {
        "id": 131,
        "action": {
            "type": "block"
        },
        "condition": {
            "urlFilter": "||livenetlife.com^",
            "domainType": "thirdParty",
            "isUrlFilterCaseSensitive": false
        },
        "priority": 2
    },
    {
        "id": 132,
        "action": {
            "type": "block"
        },
        "condition": {
            "urlFilter": "||mallgroup.com^",
            "domainType": "thirdParty",
            "initiatorDomains": [
                "mimovrste.com"
            ],
            "isUrlFilterCaseSensitive": false
        },
        "priority": 202
    },
    {
        "id": 133,
        "action": {
            "type": "block"
        },
        "condition": {
            "urlFilter": "||mediabooster.si^",
            "domainType": "thirdParty",
            "isUrlFilterCaseSensitive": false
        },
        "priority": 2
    },
    {
        "id": 134,
        "action": {
            "type": "block"
        },
        "condition": {
            "urlFilter": "||mg-marxy.mall.cz^",
            "domainType": "thirdParty",
            "initiatorDomains": [
                "mimovrste.com"
            ],
            "isUrlFilterCaseSensitive": false
        },
        "priority": 202
    },
    {
        "id": 135,
        "action": {
            "type": "block"
        },
        "condition": {
            "urlFilter": "||obisk.net^",
            "domainType": "thirdParty",
            "isUrlFilterCaseSensitive": false
        },
        "priority": 2
    },
    {
        "id": 136,
        "action": {
            "type": "block"
        },
        "condition": {
            "urlFilter": "||onthe.io^",
            "domainType": "thirdParty",
            "isUrlFilterCaseSensitive": false
        },
        "priority": 2
    },
    {
        "id": 137,
        "action": {
            "type": "block"
        },
        "condition": {
            "urlFilter": "||pristopmedia.network^",
            "domainType": "thirdParty",
            "isUrlFilterCaseSensitive": false
        },
        "priority": 2
    },
    {
        "id": 138,
        "action": {
            "type": "block"
        },
        "condition": {
            "urlFilter": "||p.typekit.net^",
            "domainType": "thirdParty",
            "isUrlFilterCaseSensitive": false
        },
        "priority": 2
    },
    {
        "id": 139,
        "action": {
            "type": "block"
        },
        "condition": {
            "urlFilter": "||shield.sitelock.com^",
            "domainType": "thirdParty",
            "isUrlFilterCaseSensitive": false
        },
        "priority": 2
    },
    {
        "id": 140,
        "action": {
            "type": "block"
        },
        "condition": {
            "urlFilter": "||smind.si^",
            "domainType": "thirdParty",
            "isUrlFilterCaseSensitive": false
        },
        "priority": 2
    },
    {
        "id": 141,
        "action": {
            "type": "block"
        },
        "condition": {
            "urlFilter": "||upscore.com^",
            "domainType": "thirdParty",
            "isUrlFilterCaseSensitive": false
        },
        "priority": 2
    },
    {
        "id": 87,
        "action": {
            "type": "modifyHeaders",
            "responseHeaders": [
                {
                    "operation": "append",
                    "header": "Content-Security-Policy",
                    "value": "script-src 'self' 'unsafe-eval' http: https: data: blob: mediastream: filesystem:"
                }
            ]
        },
        "condition": {
            "urlFilter": "||s-graf.si^",
            "excludedInitiatorDomains": [
                "s-graf.si"
            ],
            "isUrlFilterCaseSensitive": false,
            "resourceTypes": [
                "main_frame",
                "sub_frame",
                "stylesheet",
                "script",
                "image",
                "font",
                "object",
                "xmlhttprequest",
                "ping",
                "media",
                "websocket",
                "other"
            ]
        },
        "priority": 2
    }
]