[
    {
        "id": 337,
        "action": {
            "type": "block"
        },
        "condition": {
            "requestDomains": [
                "1000curryrestaurant.com",
                "109.248.59.27",
                "10xtechie.com",
                "1234picz.com",
                "195-133-60-89.hostinghubsolutions.com",
                "195.133.60.89",
                "1roofev.com",
                "24x7th.com",
                "35.193.89.147",
                "3dshipmodels.com",
                "3riversprint.com",
                "46.8.158.101",
                "46.8.158.80",
                "46.8.158.94",
                "4jslg.7primos.com",
                "4jslg.overstayjaffa.com",
                "4jslg.thestringbook.com",
                "7primos.com",
                "8slash8.com",
                "academiasprolog.com",
                "accesstrade.in.th",
                "accountantamsterdam.net",
                "achivadolimni.com",
                "adasiaholdings.com",
                "adok.asia",
                "adop.cc",
                "ads.boxza.com",
                "ads.bumq.com",
                "ads.gamemonday.com",
                "ads.jarm.com",
                "ads.os.co.th",
                "ads.pantip.com",
                "ads.postjung.com",
                "ads.pramool.com",
                "ads.siamza.com",
                "ads.techxcite.com",
                "adsniper.ru",
                "adsoptimal.com",
                "adtplatform.com",
                "afiyahlab.com",
                "agdrumschool.com",
                "agentogel.info",
                "ahvaz-anesthesia.com",
                "aisushigobc.com",
                "alamaymoon.com",
                "albioncollege.info",
                "alexlaz.com",
                "all-in-barbers.com",
                "altexplorer.info",
                "amarantinefarms.com",
                "amzprotradernow.com",
                "anonymousdemographics.com",
                "api-injoyplan.com",
                "app-measurement.com",
                "appboltonik.com",
                "appstkmadmin.com",
                "arentalcars.com",
                "areyouahuman.com",
                "ariasitting.com",
                "aspectjcookbook.com",
                "asupro.com",
                "atdmt.com",
                "atomslip.com",
                "atu-cyberwargames.com",
                "ayp-system.com",
                "babyandbeyondkh.com",
                "backnodes.com",
                "baepullu.com",
                "bagantax.com",
                "baner.msa-video.com",
                "bayofgreens.com",
                "bbficocarseats.com",
                "be-lovedshow.com",
                "beefashionstores.com",
                "bepunjaban.com",
                "bestpaintballgun.info",
                "betrool.com",
                "bezt-newz-today.com",
                "bfm4christ.com",
                "bigwingsrestaurant.com",
                "bitpra.com",
                "bittobi.com",
                "bloomsbasket.com",
                "bluekai.com",
                "bluuepin.com",
                "bnsoni.com",
                "booknsunglasses.com",
                "boostingplugs.com",
                "botadapmc.com",
                "bouthilliersconstructiongov.com",
                "brainmindsociety.com",
                "bravoxoso.com",
                "breakingbay.com",
                "brynweb.com",
                "btstatic.com",
                "bulletinzaiynt.com",
                "bumq.com",
                "byantonellascake.com",
                "byteark-analytics.thairath.co.th",
                "captingirl.com",
                "carnercare.com",
                "cassandrawealthadvisors.com",
                "catsandcafe.com",
                "cdn.popcash.net",
                "cdn.popmyads.com",
                "celebbizz.com",
                "ceolsen.com",
                "ceritaharian.com",
                "cheersuper.com",
                "chilltalks.org",
                "chusband.com",
                "clabs-eg.com",
                "cleanestcutss.com",
                "clickadu.com",
                "clicksgear.com",
                "clipperapps.com",
                "cluebird.com",
                "code.nytive.com",
                "code.yengo.com",
                "comenu.ais.co.th",
                "comidaxpress.com",
                "connextra.com",
                "copticdevs.com",
                "corecovers.info",
                "crashlytics.com",
                "crazyegg.com",
                "crccassessoria.com",
                "createdbygenesse.com",
                "criteo.com",
                "criteo.net",
                "crwdcntrl.net",
                "cryptobrowser.site",
                "cscjcares.com",
                "csi.gstatic.com",
                "curryflavorgrill.com",
                "cursoscadastro.com",
                "cursoseofertas.com",
                "d-stats.com",
                "dailyreportquant.com",
                "dana-b7r.com",
                "daniloremote.com",
                "danimalrocks.com",
                "darkrabbitsolutions.com",
                "davis-analytics.com",
                "dazzlebox.com",
                "dcoygames.com",
                "definitemodel.com",
                "demandjo.com",
                "dev.prowallet.com",
                "dguedry.com",
                "dirtgrab.com",
                "disruptiveclinic.com",
                "djshawnmichaels.com",
                "dl.gold-meat.ru",
                "dominiontalent.com",
                "domoticize.com",
                "dope88.com",
                "drumlikeag.com",
                "dtscout.com",
                "dubairevoltsystem.com",
                "duitexchange.com",
                "dwrswap.com",
                "editfestdrone.com",
                "effectivemeasure.net",
                "ejppayment.com",
                "elecapubs.com",
                "elelongservice.com",
                "elizashoup.com",
                "embroideryshop.com",
                "eminifx59.com",
                "empirecity.today",
                "estitchbysaba.com",
                "eurokidsgurugram.com",
                "exdynsrv.com",
                "exoclick.com",
                "exosrv.com",
                "eyeota.net",
                "fabulous6fantasy.com",
                "faqspace.com",
                "feedjit.com",
                "fernandespegoraro.com",
                "filadmir.site",
                "financialsolving.com",
                "firstmobileeducation.com",
                "flyaram.com",
                "fortsport365.com",
                "founderplusacademy.com",
                "fout.jp",
                "foxandmusic.com",
                "freeball98.com",
                "freshgrainke.com",
                "ftp.7primos.com",
                "ftp.ingridsherman.com",
                "fujinoodlerestaurant.com",
                "fxbroker-consulting.com",
                "fydebot.com",
                "g-whizzy.com",
                "gammaplatform.com",
                "gangasperu.com",
                "gbotvisit.com",
                "gbox.sc",
                "generaltagcom.ga",
                "getprintapp.com",
                "globalseedxchange.com",
                "globalsmarturl.com",
                "go2cloud.org",
                "go2speed.org",
                "gobaypay.com",
                "gold-meat.ru",
                "google-analytics.l.google.com",
                "greenacresapt.com",
                "grenvillegraphite.com",
                "groundloop.info",
                "guardin78.com",
                "hambletondefense.com",
                "happylifelab.com",
                "happylukebet.com",
                "harrisonkieffer.com",
                "hc-learning.com",
                "heatmap.it",
                "hermes-filter.com",
                "hfcofficial.com",
                "hilightad.kapook.com",
                "hillaforklifts.com",
                "histats.com",
                "hostmaster.fabulous6fantasy.com",
                "hostmaster.hillaforklifts.com",
                "hostmaster.joshforjudge.com",
                "hostmaster.losangelesfamilylawlawyer.com",
                "hostmaster.reponses.com",
                "hostmaster.wolhyang.com",
                "hotjar.com",
                "hyperionity.com",
                "idleduels.com",
                "igtvreel.com",
                "ilbunjibistro.com",
                "imap.prowallet.com",
                "imrworldwide.com",
                "in-to-win-co.com",
                "info.wisewsports.com",
                "ingridsherman.com",
                "inmobi.com",
                "innity.com",
                "innity.net",
                "inspectlet.com",
                "intranet.lilufan.com",
                "isdareg.com",
                "iteration777.com",
                "ivan-jr.com",
                "iyfnzgb.com",
                "izooto.com",
                "jaimexavier.com",
                "jakobasson.com",
                "jaredkschreiber.com",
                "jasonkrasavage.com",
                "jenkins.peshanga.com",
                "jessejamesacademy.com",
                "jjkratomdispensary.com",
                "jobztrak.com",
                "joox-affiliate.sanook.com",
                "joshforjudge.com",
                "jteamturkey.com",
                "jv11am.com",
                "kabor.info",
                "kanekikek.com",
                "kaphubsapp.com",
                "karshin.com",
                "kazamajin.com",
                "kennethcanega.com",
                "keyatraderss.com",
                "khao-newth.com",
                "khitinhyeudulon.com",
                "kinesiotapelife.com",
                "kiosked.com",
                "kirawhite.com",
                "klmemorialschools.com",
                "kmoilane.com",
                "kuka999.com",
                "kwsells.com",
                "l21ad.com",
                "labugy.com",
                "laddercaptial.com",
                "lakeoffer.com",
                "lanansi.com",
                "laravel-code.com",
                "lazzytech.com",
                "le42a66a.justinstalledpanel.com",
                "legalbrightjoint.com",
                "lelepenyet.com",
                "leslignesdufjord.com",
                "lifechangingthoughts.com",
                "lilufan.com",
                "littlehappybliss.com",
                "littlistings.com",
                "liveyourbestlifetwice.com",
                "lojaeois.com",
                "losangelescriminalattorneys.com",
                "losangelesfamilylawlawyer.com",
                "losangelesfamilylawlawyers.com",
                "lucky135.com",
                "luckyorange.com",
                "lux-sothebysrealty.com",
                "luxsothebysrealty.com",
                "luxuriyahotels.com",
                "lxtsir.com",
                "m88.com",
                "madsandyoe.com",
                "magecmoon.com",
                "mail.7primos.com",
                "mail.foxandmusic.com",
                "marakitones.com",
                "mdobbins.com",
                "mds.nipa.co.th",
                "meanderingmonarch.com",
                "medbharat.com",
                "medellinproperties.com",
                "medlabgov.com",
                "mekaniker.com",
                "metrics.brightcove.com",
                "miagegedeng.com",
                "michaelkusuma.com",
                "mihird.com",
                "milano2london.com",
                "mindgarageclasses.com",
                "minguapp.com",
                "mm88ibc.com",
                "moatads.com",
                "moonstalks.com",
                "motorotam.com",
                "moviefree365.com",
                "mtburn.com",
                "mtburn.jp",
                "mts35.eprohost.cloud",
                "muindetuva.com",
                "murciajenjorienta.com",
                "musclomania.com",
                "mventa.com",
                "mx.7primos.com",
                "mx0.meanderingmonarch.com",
                "mybigbullfrog.com",
                "mybulkads.com",
                "mydateco.com",
                "myndset88.com",
                "mypilateswoodlands.com",
                "mywritingteacher.com",
                "namthitechnology.com",
                "nantecranes.com",
                "nemobase.com",
                "newsyep.com",
                "nijibooks.com",
                "nikikuzi.com",
                "nothatsme.com",
                "nr-data.com",
                "nr-data.net",
                "ns2.ttom.xyz",
                "nuffnang.co.th",
                "nuffnang.com",
                "numberli.com",
                "nutratainment.com",
                "nytive.com",
                "observant-trader.com",
                "oclaserver.com",
                "offthatsauce.com",
                "ogg.gold-meat.ru",
                "ohmcodes.com",
                "oilchange.website",
                "ok12ground.com",
                "olasphotography.com",
                "olegus8.com",
                "onclasrv.com",
                "onclickads.net",
                "openvnu.com",
                "openx.notebookspec.com",
                "openxmarket.asia",
                "optimumloftdesign.com",
                "orderdeliveryprocess.com",
                "orthopedicspecialistslouisiana.com",
                "osinoco.com",
                "ouitogroup.com",
                "overstayjaffa.com",
                "oybcomics.com",
                "padsdel.com",
                "padstm.com",
                "paisleycecil.com",
                "parkingcrew.com",
                "parkingcrew.net",
                "pc1ads.com",
                "pc2ads.com",
                "pc3ads.com",
                "peace2home.com",
                "peshanga.com",
                "philipparmingeon.com",
                "philiprudy.com",
                "philosophicalengineer.com",
                "pichub.tk",
                "ping-fast.com",
                "pingdom.net",
                "piptrip.com",
                "pixeldigitalstudios.com",
                "pixnot.com",
                "pixyvend.com",
                "plavins.com",
                "playamethyst.com",
                "plista.com",
                "pma.dev.prowallet.com",
                "podqueen.com",
                "polyglotcoding.com",
                "pop.prowallet.com",
                "popads.net",
                "popcash.net",
                "popclck.com",
                "popclck.net",
                "poptm.com",
                "prayerbeadstore.com",
                "prayerbeadsworld.com",
                "proceduresystems.com",
                "proflyr.com",
                "promocodepa.com",
                "prosus-zoom.com",
                "prowallet.com",
                "ptengine.com",
                "purekushconsulting.com",
                "puserving.com",
                "pushnative.com",
                "qirinedu.com",
                "qlifemedicals.com",
                "queuelyte.com",
                "quicktask.xyz",
                "quicktypecode.com",
                "quizas-slachtoffers.fun",
                "quoteous.com",
                "radicalizeapp.com",
                "rafills.com",
                "ranchodemanolo.com",
                "rapidtrainsit.com",
                "reachood.com",
                "realityprotocol.com",
                "realmanz.com",
                "redlandhosting.com",
                "redmatch-dev.com",
                "redrose-samp.info",
                "regalxervice.com",
                "reimageplus.com",
                "reinhard-winter.info",
                "rentabilizarte.com",
                "rentaphantom.info",
                "replase.tk",
                "reponses.com",
                "report-uri.cloudflare.com",
                "restrainingorderlawyers.com",
                "reuseu.com",
                "revsci.net",
                "rimpub.com",
                "rishigoutam.com",
                "riyanfashion.com",
                "rootboundmarketing.com",
                "runaroundthailand.com",
                "runtnc.net",
                "ruu-dee.com",
                "sabiomail.com",
                "saibamaisconteudo.com",
                "saiindustriesorg.com",
                "saleega.com",
                "sales-frontier.com",
                "salessugarlane.com",
                "sammeyerson.com",
                "samsautomation.com",
                "sanatoriohnopedro.com",
                "sareelo.com",
                "saxp.zedo.com",
                "sb.gold-meat.ru",
                "scalawagsalon.com",
                "scorecardresearch.com",
                "scottgmorton.com",
                "seekingthephilippines.com",
                "selunar.com",
                "seriosec.com",
                "seriosgames.com",
                "serpfect.com",
                "server.7primos.com",
                "servewish.com",
                "serving-sys.com",
                "shambaboys.com",
                "sharky24.com",
                "shiftotter.com",
                "shop-tm.com",
                "shopinthedoor.com",
                "shortbiolink.com",
                "showthemreal.com",
                "silkspan.com",
                "simba-digital.com",
                "siteswave.com",
                "slip-o-matic.com",
                "socdm.com",
                "southpawflow.com",
                "srf.ais.co.th",
                "stat.matichon.co.th",
                "statmt.matichon.co.th",
                "stats.in.th",
                "stats.wp.com",
                "storedelrisparmio.com",
                "storygine.com",
                "subtitle5.com",
                "sumome.com",
                "sunsportpl.com",
                "suq-ye.com",
                "survivedthebear.com",
                "syllabirepository.com",
                "synergy-e.com",
                "sypaze.com",
                "ta-mill.com",
                "ta-millwork.com",
                "taboola.com",
                "tagserve.asia",
                "talkortryforfun.com",
                "tapad.com",
                "taqrebcenter.com",
                "tastesurta.com",
                "tau-enterprise.com",
                "tawgaming.com",
                "techcaffi.com",
                "techtokbuy.com",
                "tele-entrega.com",
                "test.goldsrc.ru",
                "testesistema.com",
                "testtraf.com",
                "thai-iphone.com",
                "theasianhomes.com",
                "thelittlestastronautbook.com",
                "themailupdate.com",
                "themightypuck.com",
                "themyngl.com",
                "thestringbook.com",
                "thesuperchargerguide.com",
                "theunsorted.com",
                "theviralpunjab.com",
                "thirstysocial.com",
                "thirtysevenpixel.com",
                "thstats.com",
                "thtrackingap.com",
                "tiaa-us.com",
                "tiffanietru.com",
                "timiteadama.com",
                "tipex-express.com",
                "tityx.com",
                "tofalado.com",
                "toplifestyleusa.com",
                "torymance.com",
                "trademarkwebapihost.com",
                "transformdoc.com",
                "travelpayouts.com",
                "travelwithpreeti.com",
                "trendyfoodllc.com",
                "trialbyfiredistro.com",
                "trucking-hub.com",
                "true-resilience.com",
                "truehits.in.th",
                "truehits.net",
                "tryenom.com",
                "trymiraclemade.com",
                "tsl-x-project.com",
                "tvinternetbestdeals.com",
                "tynt.com",
                "uppook.com",
                "urprovidersapi.com",
                "user-api.com",
                "user-clicks.com",
                "user-red.com",
                "usrmm.com",
                "uustoughtonma.org",
                "v5.sammeyerson.com",
                "v7.sammeyerson.com",
                "valorantfantasy.com",
                "vamisola.com",
                "vapa.info",
                "verbal.com",
                "vicartz.com",
                "vintagewealthadvisor.com",
                "vishaldigha.com",
                "vittorehome.com",
                "vittoremobilya.com",
                "vmrentagreement.com",
                "vpn.7primos.com",
                "vps.7primos.com",
                "wandip.com",
                "watirna.com",
                "webairindia.com",
                "webcreative.cc",
                "webmail.meanderingmonarch.com",
                "westnileyouthcenter.info",
                "wetterkroatien.info",
                "whatshelp.io",
                "whohascalled.com",
                "winswipe.com",
                "wisefacts.info",
                "wluvu.com",
                "wmdstat.dev-sanook.com",
                "wokebit.com",
                "wolfandthefox.com",
                "wolhyang.com",
                "womankind.info",
                "wpagoravideo.com",
                "ws-adv.ais.co.th",
                "ww-absher.com",
                "xantrexapp.com",
                "xrgreenland.com",
                "yengo.com",
                "yoginikaliji.com",
                "youinu.com",
                "yu0123456.com",
                "yugenzone.com",
                "yuvaresult.com",
                "yzxchange.com",
                "zackmusgrave.com",
                "zemanta.com",
                "zendarr.com",
                "zithex.com",
                "zithextoken.com",
                "zookymatt.com"
            ]
        },
        "priority": 1
    },
    {
        "id": 38,
        "action": {
            "type": "block"
        },
        "condition": {
            "urlFilter": "||xxxpostpic.org/imagedata/banner/*",
            "isUrlFilterCaseSensitive": false
        },
        "priority": 1
    },
    {
        "id": 44,
        "action": {
            "type": "block"
        },
        "condition": {
            "urlFilter": "||porn5xxx.com/pic-ads/",
            "isUrlFilterCaseSensitive": false
        },
        "priority": 1
    },
    {
        "id": 47,
        "action": {
            "type": "block"
        },
        "condition": {
            "urlFilter": "||xn--82c0bxcybxc2b.com/jab-ads/",
            "isUrlFilterCaseSensitive": false
        },
        "priority": 1
    },
    {
        "id": 51,
        "action": {
            "type": "block"
        },
        "condition": {
            "urlFilter": "||xn--72czpj1fd3b9a3a8g3d.com/doo-ads/",
            "isUrlFilterCaseSensitive": false
        },
        "priority": 1
    },
    {
        "id": 75,
        "action": {
            "type": "block"
        },
        "condition": {
            "urlFilter": "||xn--72ca2bsl7gxbd4m7c.com/wp-content/uploads/2020/04/closed.png",
            "resourceTypes": [
                "image"
            ],
            "isUrlFilterCaseSensitive": false
        },
        "priority": 101
    },
    {
        "id": 105,
        "action": {
            "type": "block"
        },
        "condition": {
            "urlFilter": "anime-i.com/files/banner/*",
            "isUrlFilterCaseSensitive": false
        },
        "priority": 1
    },
    {
        "id": 119,
        "action": {
            "type": "block"
        },
        "condition": {
            "urlFilter": "https://misa-anime.com/assets/js/ads.core.js?",
            "isUrlFilterCaseSensitive": false
        },
        "priority": 1
    },
    {
        "id": 150,
        "action": {
            "type": "block"
        },
        "condition": {
            "urlFilter": "||www.am4th.com/wp-content/uploads/2016/*",
            "resourceTypes": [
                "image"
            ],
            "isUrlFilterCaseSensitive": false
        },
        "priority": 101
    },
    {
        "id": 151,
        "action": {
            "type": "block"
        },
        "condition": {
            "urlFilter": "||www.am4th.com/wp-content/uploads/2017/*",
            "resourceTypes": [
                "image"
            ],
            "isUrlFilterCaseSensitive": false
        },
        "priority": 101
    },
    {
        "id": 152,
        "action": {
            "type": "block"
        },
        "condition": {
            "urlFilter": "||www.am4th.com/wp-content/uploads/2017/*/*.gif",
            "resourceTypes": [
                "image"
            ],
            "isUrlFilterCaseSensitive": false
        },
        "priority": 101
    },
    {
        "id": 153,
        "action": {
            "type": "block"
        },
        "condition": {
            "urlFilter": "||www.anime-sugoi.com/css/ontop.png",
            "resourceTypes": [
                "image"
            ],
            "isUrlFilterCaseSensitive": false
        },
        "priority": 101
    },
    {
        "id": 157,
        "action": {
            "type": "block"
        },
        "condition": {
            "urlFilter": "||i.imgur.com",
            "initiatorDomains": [
                "animedd.xyz"
            ],
            "isUrlFilterCaseSensitive": false
        },
        "priority": 201
    },
    {
        "id": 162,
        "action": {
            "type": "block"
        },
        "condition": {
            "urlFilter": "||publish.iptvz.net",
            "resourceTypes": [
                "sub_frame"
            ],
            "isUrlFilterCaseSensitive": false
        },
        "priority": 101
    },
    {
        "id": 190,
        "action": {
            "type": "block"
        },
        "condition": {
            "regexFilter": "/plugin-pdpa/",
            "initiatorDomains": [
                "khaosod.co.th",
                "khaosodenglish.com",
                "matichon.co.th",
                "matichon*.com",
                "prachachat.net",
                "sentangsedtee.com",
                "silpa-mag.com",
                "technologychaoban.com"
            ],
            "isUrlFilterCaseSensitive": false
        },
        "priority": 114
    },
    {
        "id": 197,
        "action": {
            "type": "block"
        },
        "condition": {
            "urlFilter": "https://xxxword.club/uploadpic/playxxx.jpg",
            "isUrlFilterCaseSensitive": false
        },
        "priority": 1
    },
    {
        "id": 198,
        "action": {
            "type": "block"
        },
        "condition": {
            "urlFilter": "https://www.vdoxthai.com/ads.php",
            "isUrlFilterCaseSensitive": false
        },
        "priority": 1
    },
    {
        "id": 268,
        "action": {
            "type": "block"
        },
        "condition": {
            "urlFilter": "||4toom.com/*/modal-dialog/*",
            "isUrlFilterCaseSensitive": false
        },
        "priority": 1
    },
    {
        "id": 269,
        "action": {
            "type": "block"
        },
        "condition": {
            "urlFilter": "||aroundnews.net/*/like-jacking-ninja/*",
            "isUrlFilterCaseSensitive": false
        },
        "priority": 1
    },
    {
        "id": 270,
        "action": {
            "type": "block"
        },
        "condition": {
            "urlFilter": "||blogger.com/*lbx__th.js",
            "initiatorDomains": [
                "zapver555.com"
            ],
            "isUrlFilterCaseSensitive": false
        },
        "priority": 201
    },
    {
        "id": 271,
        "action": {
            "type": "block"
        },
        "condition": {
            "urlFilter": "||blogger.com/*lightbox_bundle.css",
            "initiatorDomains": [
                "zapver555.com"
            ],
            "isUrlFilterCaseSensitive": false
        },
        "priority": 201
    },
    {
        "id": 272,
        "action": {
            "type": "block"
        },
        "condition": {
            "urlFilter": "||dodeden.com/advert^",
            "isUrlFilterCaseSensitive": false
        },
        "priority": 1
    },
    {
        "id": 273,
        "action": {
            "type": "block"
        },
        "condition": {
            "urlFilter": "||ithaihotnews.com/*/like-jacking-ninja/*",
            "isUrlFilterCaseSensitive": false
        },
        "priority": 1
    },
    {
        "id": 274,
        "action": {
            "type": "block"
        },
        "condition": {
            "urlFilter": "||kaijeaw.com/*/fancybox/*",
            "isUrlFilterCaseSensitive": false
        },
        "priority": 1
    },
    {
        "id": 275,
        "action": {
            "type": "block"
        },
        "condition": {
            "urlFilter": "||kanomjeeb.com/*/lightbox*",
            "isUrlFilterCaseSensitive": false
        },
        "priority": 1
    },
    {
        "id": 276,
        "action": {
            "type": "block"
        },
        "condition": {
            "urlFilter": "||kidjarak.com/*/bsa-pro-scripteo/*",
            "isUrlFilterCaseSensitive": false
        },
        "priority": 1
    },
    {
        "id": 277,
        "action": {
            "type": "block"
        },
        "condition": {
            "urlFilter": "||ladycee.com/light_ads^",
            "isUrlFilterCaseSensitive": false
        },
        "priority": 1
    },
    {
        "id": 278,
        "action": {
            "type": "block"
        },
        "condition": {
            "urlFilter": "||laughwoo.com/*/like-jacking-ninja/*",
            "isUrlFilterCaseSensitive": false
        },
        "priority": 1
    },
    {
        "id": 279,
        "action": {
            "type": "block"
        },
        "condition": {
            "urlFilter": "||lonely-rooyang.com/*/arscode-ninja-popups/*",
            "isUrlFilterCaseSensitive": false
        },
        "priority": 1
    },
    {
        "id": 280,
        "action": {
            "type": "block"
        },
        "condition": {
            "urlFilter": "||meekhao.com/*/dreamgrow-scroll-triggered-box/*",
            "isUrlFilterCaseSensitive": false
        },
        "priority": 1
    },
    {
        "id": 281,
        "action": {
            "type": "block"
        },
        "condition": {
            "urlFilter": "||newstimeline.net/*/jquery.magnific-popup.min.js",
            "isUrlFilterCaseSensitive": false
        },
        "priority": 1
    },
    {
        "id": 282,
        "action": {
            "type": "block"
        },
        "condition": {
            "urlFilter": "||ohlor.com/*/mini-popup/*",
            "isUrlFilterCaseSensitive": false
        },
        "priority": 1
    },
    {
        "id": 283,
        "action": {
            "type": "block"
        },
        "condition": {
            "urlFilter": "||ohlor.com/*/upprev-nytimes-style-next-post-jquery-animated-fly-in-button/*",
            "isUrlFilterCaseSensitive": false
        },
        "priority": 1
    },
    {
        "id": 284,
        "action": {
            "type": "block"
        },
        "condition": {
            "urlFilter": "||siamchatroom.com/light_ads^",
            "isUrlFilterCaseSensitive": false
        },
        "priority": 1
    },
    {
        "id": 285,
        "action": {
            "type": "block"
        },
        "condition": {
            "urlFilter": "||siamha.com/truehits/stat",
            "isUrlFilterCaseSensitive": false
        },
        "priority": 1
    },
    {
        "id": 286,
        "action": {
            "type": "block"
        },
        "condition": {
            "urlFilter": "||siamok.com/light_ads/*",
            "isUrlFilterCaseSensitive": false
        },
        "priority": 1
    },
    {
        "id": 287,
        "action": {
            "type": "block"
        },
        "condition": {
            "urlFilter": "||siamza.com/js/jquery.cookie.js",
            "isUrlFilterCaseSensitive": false
        },
        "priority": 1
    },
    {
        "id": 288,
        "action": {
            "type": "block"
        },
        "condition": {
            "urlFilter": "||taghr.net/*/uji-popup/*",
            "isUrlFilterCaseSensitive": false
        },
        "priority": 1
    },
    {
        "id": 289,
        "action": {
            "type": "block"
        },
        "condition": {
            "urlFilter": "||thaijobsgov.com/*/fancybox/*",
            "isUrlFilterCaseSensitive": false
        },
        "priority": 1
    },
    {
        "id": 290,
        "action": {
            "type": "block"
        },
        "condition": {
            "urlFilter": "||thaijobsgov.com/banner^",
            "isUrlFilterCaseSensitive": false
        },
        "priority": 1
    },
    {
        "id": 291,
        "action": {
            "type": "block"
        },
        "condition": {
            "urlFilter": "||toritalk.com/*/uji-popup/*",
            "isUrlFilterCaseSensitive": false
        },
        "priority": 1
    },
    {
        "id": 292,
        "action": {
            "type": "block"
        },
        "condition": {
            "urlFilter": "||yakjado.com/*/upprev/*",
            "isUrlFilterCaseSensitive": false
        },
        "priority": 1
    },
    {
        "id": 293,
        "action": {
            "type": "block"
        },
        "condition": {
            "urlFilter": "||yakjado.com/*/wp-social-popup-and-get-traffic/*",
            "isUrlFilterCaseSensitive": false
        },
        "priority": 1
    },
    {
        "id": 338,
        "action": {
            "type": "block"
        },
        "condition": {
            "urlFilter": "||atimemedia.com/js/jquery.supportUs.js",
            "resourceTypes": [
                "script"
            ],
            "isUrlFilterCaseSensitive": false
        },
        "priority": 101
    },
    {
        "id": 339,
        "action": {
            "type": "block"
        },
        "condition": {
            "urlFilter": "||becteroradio.com/2014/hidden-ad-inner.php?",
            "isUrlFilterCaseSensitive": false
        },
        "priority": 1
    },
    {
        "id": 340,
        "action": {
            "type": "block"
        },
        "condition": {
            "urlFilter": "||becteroradio.com/lib/fancybox/",
            "isUrlFilterCaseSensitive": false
        },
        "priority": 1
    },
    {
        "id": 341,
        "action": {
            "type": "block"
        },
        "condition": {
            "urlFilter": "||becteroradio.com/truehitsstat.php?",
            "isUrlFilterCaseSensitive": false
        },
        "priority": 1
    },
    {
        "id": 342,
        "action": {
            "type": "block"
        },
        "condition": {
            "urlFilter": "||isanook.com/*/oppa.js",
            "resourceTypes": [
                "script"
            ],
            "isUrlFilterCaseSensitive": false
        },
        "priority": 101
    },
    {
        "id": 343,
        "action": {
            "type": "block"
        },
        "condition": {
            "urlFilter": "||isanook.com/*/tapad.js",
            "resourceTypes": [
                "script"
            ],
            "isUrlFilterCaseSensitive": false
        },
        "priority": 101
    },
    {
        "id": 344,
        "action": {
            "type": "block"
        },
        "condition": {
            "urlFilter": "||kapook.com/ads/portal^",
            "isUrlFilterCaseSensitive": false
        },
        "priority": 1
    },
    {
        "id": 345,
        "action": {
            "type": "block"
        },
        "condition": {
            "urlFilter": "||kapook.com/asset/js/track.js",
            "isUrlFilterCaseSensitive": false
        },
        "priority": 1
    },
    {
        "id": 346,
        "action": {
            "type": "block"
        },
        "condition": {
            "urlFilter": "||kapook.com/jquery/jquery.kp.tracker.js",
            "isUrlFilterCaseSensitive": false
        },
        "priority": 1
    },
    {
        "id": 347,
        "action": {
            "type": "block"
        },
        "condition": {
            "urlFilter": "||pantip.com/ads.php",
            "isUrlFilterCaseSensitive": false
        },
        "priority": 1
    },
    {
        "id": 348,
        "action": {
            "type": "block"
        },
        "condition": {
            "urlFilter": "||pantip.com/adsip.php",
            "isUrlFilterCaseSensitive": false
        },
        "priority": 1
    },
    {
        "id": 349,
        "action": {
            "type": "block"
        },
        "condition": {
            "urlFilter": "||pantip.com/adsipmobile.php",
            "isUrlFilterCaseSensitive": false
        },
        "priority": 1
    },
    {
        "id": 350,
        "action": {
            "type": "block"
        },
        "condition": {
            "urlFilter": "||ufa191.com^",
            "domainType": "thirdParty",
            "isUrlFilterCaseSensitive": false
        },
        "priority": 2
    },
    {
        "id": 351,
        "action": {
            "type": "block"
        },
        "condition": {
            "urlFilter": "||ufabet678.com^",
            "domainType": "thirdParty",
            "isUrlFilterCaseSensitive": false
        },
        "priority": 2
    },
    {
        "id": 352,
        "action": {
            "type": "block"
        },
        "condition": {
            "urlFilter": "||movies-x.com^",
            "domainType": "thirdParty",
            "isUrlFilterCaseSensitive": false
        },
        "priority": 2
    },
    {
        "id": 353,
        "action": {
            "type": "block"
        },
        "condition": {
            "urlFilter": "||ssnn.site^",
            "domainType": "thirdParty",
            "isUrlFilterCaseSensitive": false
        },
        "priority": 2
    },
    {
        "id": 356,
        "action": {
            "type": "block"
        },
        "condition": {
            "urlFilter": "||akamaihd.net/shopee/*/*TrackingRules",
            "initiatorDomains": [
                "shopee.co.th"
            ],
            "resourceTypes": [
                "script"
            ],
            "isUrlFilterCaseSensitive": false
        },
        "priority": 301
    },
    {
        "id": 357,
        "action": {
            "type": "block"
        },
        "condition": {
            "urlFilter": "||akamaihd.net/shopee/*/TrackingRules",
            "initiatorDomains": [
                "shopee.co.th"
            ],
            "resourceTypes": [
                "script"
            ],
            "isUrlFilterCaseSensitive": false
        },
        "priority": 301
    },
    {
        "id": 358,
        "action": {
            "type": "block"
        },
        "condition": {
            "urlFilter": "||shopee.co.th/__t__",
            "resourceTypes": [
                "xmlhttprequest"
            ],
            "isUrlFilterCaseSensitive": false
        },
        "priority": 101
    },
    {
        "id": 359,
        "action": {
            "type": "block"
        },
        "condition": {
            "urlFilter": "||shopee.co.th/userstats_record",
            "resourceTypes": [
                "xmlhttprequest"
            ],
            "isUrlFilterCaseSensitive": false
        },
        "priority": 101
    },
    {
        "id": 360,
        "action": {
            "type": "block"
        },
        "condition": {
            "urlFilter": "||shopeemobile.com/th/tr",
            "resourceTypes": [
                "xmlhttprequest"
            ],
            "isUrlFilterCaseSensitive": false
        },
        "priority": 101
    },
    {
        "id": 419,
        "action": {
            "type": "block"
        },
        "condition": {
            "urlFilter": "||compgamer.com/mainpage/module/popupnews/*",
            "isUrlFilterCaseSensitive": false
        },
        "priority": 1
    },
    {
        "id": 420,
        "action": {
            "type": "block"
        },
        "condition": {
            "urlFilter": "||compgamer.com/mario-ads^",
            "isUrlFilterCaseSensitive": false
        },
        "priority": 1
    },
    {
        "id": 421,
        "action": {
            "type": "block"
        },
        "condition": {
            "urlFilter": "||coregamerth.com/*/jquery-cookie/*",
            "isUrlFilterCaseSensitive": false
        },
        "priority": 1
    },
    {
        "id": 422,
        "action": {
            "type": "block"
        },
        "condition": {
            "urlFilter": "||game-tep.com/*/adrotate-pro/*",
            "isUrlFilterCaseSensitive": false
        },
        "priority": 1
    },
    {
        "id": 423,
        "action": {
            "type": "block"
        },
        "condition": {
            "urlFilter": "||game-tep.com/*/fancy-box/*",
            "isUrlFilterCaseSensitive": false
        },
        "priority": 1
    },
    {
        "id": 424,
        "action": {
            "type": "block"
        },
        "condition": {
            "urlFilter": "||gamegeek.in.th/*/layeredpopups/*",
            "isUrlFilterCaseSensitive": false
        },
        "priority": 1
    },
    {
        "id": 425,
        "action": {
            "type": "block"
        },
        "condition": {
            "urlFilter": "||gamemonday.com/*/adrotate-pro/*",
            "isUrlFilterCaseSensitive": false
        },
        "priority": 1
    },
    {
        "id": 426,
        "action": {
            "type": "block"
        },
        "condition": {
            "urlFilter": "||gamemonday.com/wp-content/themes/gamemonday/libs/jquery.firstVisitPopup.js",
            "isUrlFilterCaseSensitive": false
        },
        "priority": 1
    },
    {
        "id": 427,
        "action": {
            "type": "block"
        },
        "condition": {
            "urlFilter": "||mustplay.in.th/*/banner",
            "isUrlFilterCaseSensitive": false
        },
        "priority": 1
    },
    {
        "id": 428,
        "action": {
            "type": "block"
        },
        "condition": {
            "urlFilter": "||mustplay.in.th/assets/js/jquery.tubular^",
            "isUrlFilterCaseSensitive": false
        },
        "priority": 1
    },
    {
        "id": 429,
        "action": {
            "type": "block"
        },
        "condition": {
            "urlFilter": "||mustplay.in.th/assets/js/youtubepopup",
            "isUrlFilterCaseSensitive": false
        },
        "priority": 1
    },
    {
        "id": 430,
        "action": {
            "type": "block"
        },
        "condition": {
            "urlFilter": "||mustplay.in.th/static/banner/*/ads-^",
            "isUrlFilterCaseSensitive": false
        },
        "priority": 1
    },
    {
        "id": 431,
        "action": {
            "type": "block"
        },
        "condition": {
            "urlFilter": "||online-station.net/*/ads/*",
            "isUrlFilterCaseSensitive": false
        },
        "priority": 1
    },
    {
        "id": 432,
        "action": {
            "type": "block"
        },
        "condition": {
            "urlFilter": "||online-station.net/*/css/preload_ads",
            "resourceTypes": [
                "stylesheet"
            ],
            "isUrlFilterCaseSensitive": false
        },
        "priority": 101
    },
    {
        "id": 433,
        "action": {
            "type": "block"
        },
        "condition": {
            "urlFilter": "||online-station.net/assets/*/os-adhoc^",
            "isUrlFilterCaseSensitive": false
        },
        "priority": 1
    },
    {
        "id": 434,
        "action": {
            "type": "block"
        },
        "condition": {
            "urlFilter": "||online-station.net/assets/css/ads",
            "resourceTypes": [
                "stylesheet"
            ],
            "isUrlFilterCaseSensitive": false
        },
        "priority": 101
    },
    {
        "id": 435,
        "action": {
            "type": "block"
        },
        "condition": {
            "urlFilter": "||online-station.net/assets/js/ads",
            "resourceTypes": [
                "script"
            ],
            "isUrlFilterCaseSensitive": false
        },
        "priority": 101
    },
    {
        "id": 436,
        "action": {
            "type": "block"
        },
        "condition": {
            "urlFilter": "||online-station.net/assets/js/facebook",
            "resourceTypes": [
                "script"
            ],
            "isUrlFilterCaseSensitive": false
        },
        "priority": 101
    },
    {
        "id": 437,
        "action": {
            "type": "block"
        },
        "condition": {
            "urlFilter": "||online-station.net/assets/js/google^",
            "isUrlFilterCaseSensitive": false
        },
        "priority": 1
    },
    {
        "id": 438,
        "action": {
            "type": "block"
        },
        "condition": {
            "urlFilter": "||online-station.net/content/count_stats?",
            "isUrlFilterCaseSensitive": false
        },
        "priority": 1
    },
    {
        "id": 439,
        "action": {
            "type": "block"
        },
        "condition": {
            "urlFilter": "||playulti.com/*/banner",
            "isUrlFilterCaseSensitive": false
        },
        "priority": 1
    },
    {
        "id": 440,
        "action": {
            "type": "block"
        },
        "condition": {
            "urlFilter": "||playulti.com/assets/js/jquery.tubular^",
            "isUrlFilterCaseSensitive": false
        },
        "priority": 1
    },
    {
        "id": 441,
        "action": {
            "type": "block"
        },
        "condition": {
            "urlFilter": "||playulti.com/company/truehit?",
            "isUrlFilterCaseSensitive": false
        },
        "priority": 1
    },
    {
        "id": 442,
        "action": {
            "type": "block"
        },
        "condition": {
            "urlFilter": "||playulti.com/static/banner/*/ads-^",
            "isUrlFilterCaseSensitive": false
        },
        "priority": 1
    },
    {
        "id": 443,
        "action": {
            "type": "block"
        },
        "condition": {
            "urlFilter": "||tigthai.com/js/popup_facebook.js",
            "resourceTypes": [
                "script"
            ],
            "isUrlFilterCaseSensitive": false
        },
        "priority": 101
    },
    {
        "id": 447,
        "action": {
            "type": "block"
        },
        "condition": {
            "urlFilter": "*-adnow.com",
            "domainType": "thirdParty",
            "isUrlFilterCaseSensitive": false
        },
        "priority": 2
    },
    {
        "id": 452,
        "action": {
            "type": "block"
        },
        "condition": {
            "urlFilter": "||ads*.bangkokpost.co.th",
            "isUrlFilterCaseSensitive": false
        },
        "priority": 1
    },
    {
        "id": 453,
        "action": {
            "type": "block"
        },
        "condition": {
            "urlFilter": "||ads*.matichon.co.th",
            "isUrlFilterCaseSensitive": false
        },
        "priority": 1
    },
    {
        "id": 483,
        "action": {
            "type": "block"
        },
        "condition": {
            "urlFilter": "||cxense.com",
            "domainType": "thirdParty",
            "excludedInitiatorDomains": [
                "tn.com.ar"
            ],
            "isUrlFilterCaseSensitive": false
        },
        "priority": 3
    },
    {
        "id": 1128,
        "action": {
            "type": "block"
        },
        "condition": {
            "urlFilter": "||movie2free.com^",
            "domainType": "thirdParty",
            "isUrlFilterCaseSensitive": false
        },
        "priority": 2
    },
    {
        "id": 1129,
        "action": {
            "type": "block"
        },
        "condition": {
            "urlFilter": "||www.movie2free.com/wp-content/themes/next/images/*",
            "resourceTypes": [
                "image"
            ],
            "isUrlFilterCaseSensitive": false
        },
        "priority": 101
    },
    {
        "id": 1151,
        "action": {
            "type": "block"
        },
        "condition": {
            "urlFilter": "||yed365days.com/wp-content/*",
            "resourceTypes": [
                "image"
            ],
            "isUrlFilterCaseSensitive": false
        },
        "priority": 101
    },
    {
        "id": 1154,
        "action": {
            "type": "block"
        },
        "condition": {
            "urlFilter": "||nung-sub.com/images/banners/",
            "isUrlFilterCaseSensitive": false
        },
        "priority": 1
    },
    {
        "id": 1164,
        "action": {
            "type": "block"
        },
        "condition": {
            "urlFilter": "||movie87hd.com/*.gif",
            "resourceTypes": [
                "image"
            ],
            "isUrlFilterCaseSensitive": false
        },
        "priority": 101
    },
    {
        "id": 1199,
        "action": {
            "type": "block"
        },
        "condition": {
            "urlFilter": "||nungde.com/wp-content/uploads/*/*.gif",
            "isUrlFilterCaseSensitive": false
        },
        "priority": 1
    },
    {
        "id": 1227,
        "action": {
            "type": "block"
        },
        "condition": {
            "urlFilter": "||techtalkthai.com/wp-content/*banner*",
            "resourceTypes": [
                "image"
            ],
            "isUrlFilterCaseSensitive": false
        },
        "priority": 101
    },
    {
        "id": 1233,
        "action": {
            "type": "block"
        },
        "condition": {
            "urlFilter": "||www.thaiboyslove.com/webboard/banner/*",
            "resourceTypes": [
                "image"
            ],
            "isUrlFilterCaseSensitive": false
        },
        "priority": 101
    },
    {
        "id": 1249,
        "action": {
            "type": "block"
        },
        "condition": {
            "urlFilter": "||iwilldoforking.com/coverpage.js",
            "domainType": "thirdParty",
            "resourceTypes": [
                "script"
            ],
            "isUrlFilterCaseSensitive": false
        },
        "priority": 102
    },
    {
        "id": 1250,
        "action": {
            "type": "block"
        },
        "condition": {
            "urlFilter": "||marketingoops.com/*/itro-popup/*",
            "isUrlFilterCaseSensitive": false
        },
        "priority": 1
    },
    {
        "id": 1251,
        "action": {
            "type": "block"
        },
        "condition": {
            "urlFilter": "||marketingoops.com/popup-ad*",
            "isUrlFilterCaseSensitive": false
        },
        "priority": 1
    },
    {
        "id": 1252,
        "action": {
            "type": "block"
        },
        "condition": {
            "urlFilter": "||marketingoops.com/truehitsstat.php?",
            "isUrlFilterCaseSensitive": false
        },
        "priority": 1
    },
    {
        "id": 1253,
        "action": {
            "type": "block"
        },
        "condition": {
            "urlFilter": "||sistacafe.com/assets/jquery.cookie-*.js",
            "resourceTypes": [
                "script"
            ],
            "isUrlFilterCaseSensitive": false
        },
        "priority": 101
    },
    {
        "id": 1254,
        "action": {
            "type": "block"
        },
        "condition": {
            "urlFilter": "||sistacafe.com/assets/popup_notification-*.js",
            "resourceTypes": [
                "script"
            ],
            "isUrlFilterCaseSensitive": false
        },
        "priority": 101
    },
    {
        "id": 1255,
        "action": {
            "type": "block"
        },
        "condition": {
            "urlFilter": "||thaiidol.com/*/popup-by-supsystic/*",
            "isUrlFilterCaseSensitive": false
        },
        "priority": 1
    },
    {
        "id": 1256,
        "action": {
            "type": "block"
        },
        "condition": {
            "urlFilter": "||thailandbestbeauty.com/*colorbox*",
            "isUrlFilterCaseSensitive": false
        },
        "priority": 1
    },
    {
        "id": 1257,
        "action": {
            "type": "block"
        },
        "condition": {
            "urlFilter": "||webtoons.com/js/lib/*_logger*",
            "isUrlFilterCaseSensitive": false
        },
        "priority": 1
    },
    {
        "id": 1258,
        "action": {
            "type": "block"
        },
        "condition": {
            "urlFilter": "||webtoons.com/js/lib/dfp_helper*",
            "isUrlFilterCaseSensitive": false
        },
        "priority": 1
    },
    {
        "id": 1259,
        "action": {
            "type": "block"
        },
        "condition": {
            "urlFilter": "||webtoons.com/js/lib/gak*",
            "isUrlFilterCaseSensitive": false
        },
        "priority": 1
    },
    {
        "id": 1262,
        "action": {
            "type": "block"
        },
        "condition": {
            "regexFilter": "/plugins/add-to-any/",
            "initiatorDomains": [
                "compgamer.com",
                "tgpl.in.th"
            ],
            "isUrlFilterCaseSensitive": false
        },
        "priority": 151
    },
    {
        "id": 1263,
        "action": {
            "type": "block"
        },
        "condition": {
            "regexFilter": "/plugins/popups/",
            "initiatorDomains": [
                "coregamerth.com",
                "fmone1035.com",
                "get1025.com",
                "miru-anime.net",
                "miruanime.net",
                "shopspotapp.com"
            ],
            "resourceTypes": [
                "stylesheet",
                "script"
            ],
            "isUrlFilterCaseSensitive": false
        },
        "priority": 193
    },
    {
        "id": 1264,
        "action": {
            "type": "allow"
        },
        "condition": {
            "urlFilter": "||gelbooru.com/ads.js?",
            "isUrlFilterCaseSensitive": false
        },
        "priority": 100001
    },
    {
        "id": 1272,
        "action": {
            "type": "block"
        },
        "condition": {
            "urlFilter": "||digital.ais.co.th/file/common/js/sub-store.js",
            "isUrlFilterCaseSensitive": false
        },
        "priority": 1
    },
    {
        "id": 1275,
        "action": {
            "type": "block"
        },
        "condition": {
            "urlFilter": "||netdna-ssl.com/*/advanced-ads/",
            "isUrlFilterCaseSensitive": false
        },
        "priority": 1
    },
    {
        "id": 1276,
        "action": {
            "type": "block"
        },
        "condition": {
            "urlFilter": "||netdna-ssl.com/*/easy-social-share-buttons3/",
            "isUrlFilterCaseSensitive": false
        },
        "priority": 1
    },
    {
        "id": 1278,
        "action": {
            "type": "block"
        },
        "condition": {
            "urlFilter": "||sistacafe.com/scripts/nytive",
            "isUrlFilterCaseSensitive": false
        },
        "priority": 1
    },
    {
        "id": 1279,
        "action": {
            "type": "block"
        },
        "condition": {
            "urlFilter": "||sistacafe.com/scripts/truehits",
            "isUrlFilterCaseSensitive": false
        },
        "priority": 1
    },
    {
        "id": 1280,
        "action": {
            "type": "block"
        },
        "condition": {
            "urlFilter": "||sistacafe.com/scripts/yengo",
            "isUrlFilterCaseSensitive": false
        },
        "priority": 1
    },
    {
        "id": 1282,
        "action": {
            "type": "block"
        },
        "condition": {
            "urlFilter": "||thaiza.com/nodo.html",
            "isUrlFilterCaseSensitive": false
        },
        "priority": 1
    },
    {
        "id": 1283,
        "action": {
            "type": "block"
        },
        "condition": {
            "urlFilter": "||viu.com/ott/*/tracking/*",
            "isUrlFilterCaseSensitive": false
        },
        "priority": 1
    },
    {
        "id": 1284,
        "action": {
            "type": "block"
        },
        "condition": {
            "urlFilter": "||wp.com/media.go2*.*/*",
            "isUrlFilterCaseSensitive": false
        },
        "priority": 1
    },
    {
        "id": 1375,
        "action": {
            "type": "block"
        },
        "condition": {
            "urlFilter": "||soccersuck.com/img/banner",
            "isUrlFilterCaseSensitive": false
        },
        "priority": 1
    },
    {
        "id": 1403,
        "action": {
            "type": "block"
        },
        "condition": {
            "urlFilter": "||notebookspec.com/*/nbs-ilightbox/*",
            "isUrlFilterCaseSensitive": false
        },
        "priority": 1
    },
    {
        "id": 1404,
        "action": {
            "type": "block"
        },
        "condition": {
            "urlFilter": "||notebookspec.com/*/nbs_custom_ads_skin.php",
            "isUrlFilterCaseSensitive": false
        },
        "priority": 1
    },
    {
        "id": 1405,
        "action": {
            "type": "block"
        },
        "condition": {
            "urlFilter": "||notebookspec.com/tracker^",
            "isUrlFilterCaseSensitive": false
        },
        "priority": 1
    },
    {
        "id": 1406,
        "action": {
            "type": "block"
        },
        "condition": {
            "urlFilter": "||oopsmobile.net/*/arscode-ninja-popups/*",
            "isUrlFilterCaseSensitive": false
        },
        "priority": 1
    },
    {
        "id": 1407,
        "action": {
            "type": "block"
        },
        "condition": {
            "urlFilter": "||specphone.com/*/nbs-ilightbox/*",
            "isUrlFilterCaseSensitive": false
        },
        "priority": 1
    },
    {
        "id": 1408,
        "action": {
            "type": "block"
        },
        "condition": {
            "urlFilter": "||techmoblog.com/*colorbox*",
            "isUrlFilterCaseSensitive": false
        },
        "priority": 1
    },
    {
        "id": 1409,
        "action": {
            "type": "block"
        },
        "condition": {
            "urlFilter": "||techmoblog.com/tmb-advertise^",
            "resourceTypes": [
                "sub_frame"
            ],
            "isUrlFilterCaseSensitive": false
        },
        "priority": 101
    },
    {
        "id": 1410,
        "action": {
            "type": "block"
        },
        "condition": {
            "urlFilter": "||techxcite.com/ads/revive/",
            "isUrlFilterCaseSensitive": false
        },
        "priority": 1
    },
    {
        "id": 1411,
        "action": {
            "type": "block"
        },
        "condition": {
            "urlFilter": "||techxcite.com/stats.php?",
            "isUrlFilterCaseSensitive": false
        },
        "priority": 1
    },
    {
        "id": 1412,
        "action": {
            "type": "block"
        },
        "condition": {
            "urlFilter": "||techxcite.com/truehitsstat.php?",
            "isUrlFilterCaseSensitive": false
        },
        "priority": 1
    },
    {
        "id": 1413,
        "action": {
            "type": "block"
        },
        "condition": {
            "urlFilter": "||thaimobilecenter.com/colorbox^",
            "isUrlFilterCaseSensitive": false
        },
        "priority": 1
    },
    {
        "id": 1414,
        "action": {
            "type": "block"
        },
        "condition": {
            "urlFilter": "||thetechr.com/*/jinda-facebook-lightbox/*",
            "isUrlFilterCaseSensitive": false
        },
        "priority": 1
    },
    {
        "id": 1547,
        "action": {
            "type": "redirect",
            "redirect": {
                "extensionPath": "/web_accessible_resources/noopmp3.mp3"
            }
        },
        "condition": {
            "urlFilter": "*",
            "domainType": "thirdParty",
            "initiatorDomains": [
                "hdd.moviefun24.com"
            ],
            "resourceTypes": [
                "media"
            ],
            "isUrlFilterCaseSensitive": false
        },
        "priority": 1302
    },
    {
        "id": 1552,
        "action": {
            "type": "redirect",
            "redirect": {
                "extensionPath": "/web_accessible_resources/noopmp4.mp4"
            }
        },
        "condition": {
            "urlFilter": "||b-cdn.net/ssd1/ads/*.mp4",
            "initiatorDomains": [
                "thmovieshd.com"
            ],
            "resourceTypes": [
                "media"
            ],
            "isUrlFilterCaseSensitive": false
        },
        "priority": 1001301
    }
]