[
    {
        "id": 38,
        "action": {
            "type": "block"
        },
        "condition": {
            "requestDomains": [
                "0af2a962b0102942d9a7df351b20be55.com",
                "a.blesk.cz",
                "a.centrum.cz",
                "a.csfd.cz",
                "a.denik.cz",
                "adb.azet.sk",
                "api-exponea.o2.cz",
                "api-exponea.o2.sk",
                "bannersector.sector.sk",
                "bannery.ccb.cz",
                "bannery.navratdoreality.cz",
                "c.seznam.cz",
                "cdn.cpex.cz",
                "central-beta.mall.tv",
                "central.mall.tv",
                "image.sector.sk",
                "liveagent.mobilbonus.cz",
                "reklama.warforum.cz",
                "report.seznamzpravy.cz",
                "report.sport.cz",
                "ssp.seznam.cz",
                "stat.novinky.cz",
                "stat.super.cz",
                "tracker.cncenter.cz",
                "videoad.cz"
            ]
        },
        "priority": 1
    },
    {
        "id": 235,
        "action": {
            "type": "allow"
        },
        "condition": {
            "urlFilter": "||decko.ceskatelevize.cz/cms/layouts/js/analytics.js",
            "initiatorDomains": [
                "decko.ceskatelevize.cz"
            ],
            "resourceTypes": [
                "script"
            ],
            "isUrlFilterCaseSensitive": false
        },
        "priority": 101000
    },
    {
        "id": 239,
        "action": {
            "type": "allow"
        },
        "condition": {
            "urlFilter": "||netusers.cz/js/",
            "initiatorDomains": [
                "titulky.com"
            ],
            "resourceTypes": [
                "script"
            ],
            "isUrlFilterCaseSensitive": false
        },
        "priority": 101000
    },
    {
        "id": 15,
        "action": {
            "type": "block"
        },
        "condition": {
            "urlFilter": "-reklama.",
            "isUrlFilterCaseSensitive": false
        },
        "priority": 1
    },
    {
        "id": 16,
        "action": {
            "type": "block"
        },
        "condition": {
            "urlFilter": ".com/bannery/",
            "isUrlFilterCaseSensitive": false
        },
        "priority": 1
    },
    {
        "id": 17,
        "action": {
            "type": "block"
        },
        "condition": {
            "urlFilter": ".cz/ads/",
            "isUrlFilterCaseSensitive": false
        },
        "priority": 1
    },
    {
        "id": 18,
        "action": {
            "type": "block"
        },
        "condition": {
            "urlFilter": ".cz/BAN/",
            "isUrlFilterCaseSensitive": false
        },
        "priority": 1
    },
    {
        "id": 19,
        "action": {
            "type": "block"
        },
        "condition": {
            "urlFilter": ".cz/banners/",
            "isUrlFilterCaseSensitive": false
        },
        "priority": 1
    },
    {
        "id": 20,
        "action": {
            "type": "block"
        },
        "condition": {
            "urlFilter": ".cz/bannery_",
            "isUrlFilterCaseSensitive": false
        },
        "priority": 1
    },
    {
        "id": 21,
        "action": {
            "type": "block"
        },
        "condition": {
            "urlFilter": ".cz/img/banner",
            "isUrlFilterCaseSensitive": false
        },
        "priority": 1
    },
    {
        "id": 22,
        "action": {
            "type": "block"
        },
        "condition": {
            "urlFilter": ".etargetnet.",
            "isUrlFilterCaseSensitive": false
        },
        "priority": 1
    },
    {
        "id": 23,
        "action": {
            "type": "block"
        },
        "condition": {
            "urlFilter": ".sk/img/banner",
            "isUrlFilterCaseSensitive": false
        },
        "priority": 1
    },
    {
        "id": 24,
        "action": {
            "type": "block"
        },
        "condition": {
            "urlFilter": "/amalker/pos/mag_ads.js",
            "isUrlFilterCaseSensitive": false
        },
        "priority": 1
    },
    {
        "id": 25,
        "action": {
            "type": "block"
        },
        "condition": {
            "urlFilter": "/cron.php?rand=",
            "isUrlFilterCaseSensitive": false
        },
        "priority": 1
    },
    {
        "id": 26,
        "action": {
            "type": "block"
        },
        "condition": {
            "urlFilter": "/emonitor.",
            "isUrlFilterCaseSensitive": false
        },
        "priority": 1
    },
    {
        "id": 27,
        "action": {
            "type": "block"
        },
        "condition": {
            "urlFilter": "/komercni-sdeleni/*",
            "isUrlFilterCaseSensitive": false
        },
        "priority": 1
    },
    {
        "id": 28,
        "action": {
            "type": "block"
        },
        "condition": {
            "urlFilter": "/push-ads.",
            "isUrlFilterCaseSensitive": false
        },
        "priority": 1
    },
    {
        "id": 29,
        "action": {
            "type": "block"
        },
        "condition": {
            "urlFilter": "/reklama_",
            "isUrlFilterCaseSensitive": false
        },
        "priority": 1
    },
    {
        "id": 30,
        "action": {
            "type": "block"
        },
        "condition": {
            "urlFilter": "/reklamne-",
            "isUrlFilterCaseSensitive": false
        },
        "priority": 1
    },
    {
        "id": 34,
        "action": {
            "type": "block"
        },
        "condition": {
            "urlFilter": "*.war-forum.net/images/sh/",
            "isUrlFilterCaseSensitive": false
        },
        "priority": 1
    },
    {
        "id": 35,
        "action": {
            "type": "block"
        },
        "condition": {
            "urlFilter": "||1gr.cz/js/uni/oldback/logo.png",
            "initiatorDomains": [
                "idnes.cz"
            ],
            "resourceTypes": [
                "script"
            ],
            "isUrlFilterCaseSensitive": false
        },
        "priority": 301
    },
    {
        "id": 36,
        "action": {
            "type": "block"
        },
        "condition": {
            "urlFilter": "||1.im.cz/ad/",
            "resourceTypes": [
                "image"
            ],
            "isUrlFilterCaseSensitive": false
        },
        "priority": 101
    },
    {
        "id": 37,
        "action": {
            "type": "block"
        },
        "condition": {
            "urlFilter": "||1.im.cz/ad/gemius.js",
            "isUrlFilterCaseSensitive": false
        },
        "priority": 1
    },
    {
        "id": 42,
        "action": {
            "type": "block"
        },
        "condition": {
            "urlFilter": "||alkoholik.cz/zavislost/images/banners/",
            "isUrlFilterCaseSensitive": false
        },
        "priority": 1
    },
    {
        "id": 46,
        "action": {
            "type": "block"
        },
        "condition": {
            "urlFilter": "||bcastgw.livebox.cz/TA3_VOD_COM/",
            "isUrlFilterCaseSensitive": false
        },
        "priority": 1
    },
    {
        "id": 48,
        "action": {
            "type": "block"
        },
        "condition": {
            "urlFilter": "||cdr.cz/sites/default/files/_cdr_branding/branding.jpg",
            "isUrlFilterCaseSensitive": false
        },
        "priority": 1
    },
    {
        "id": 50,
        "action": {
            "type": "block"
        },
        "condition": {
            "urlFilter": "||cdn.dopc.cz/adb",
            "resourceTypes": [
                "xmlhttprequest"
            ],
            "isUrlFilterCaseSensitive": false
        },
        "priority": 101
    },
    {
        "id": 51,
        "action": {
            "type": "block"
        },
        "condition": {
            "urlFilter": "||cviceni-doma.cz/images/*banner",
            "isUrlFilterCaseSensitive": false
        },
        "priority": 1
    },
    {
        "id": 52,
        "action": {
            "type": "block"
        },
        "condition": {
            "urlFilter": "||diit.cz/sites/default/files/_cdr_branding/branding.jpg",
            "isUrlFilterCaseSensitive": false
        },
        "priority": 1
    },
    {
        "id": 53,
        "action": {
            "type": "block"
        },
        "condition": {
            "urlFilter": "||digitalnitelevize.cz/obrazky/reklamni_odkazy/",
            "isUrlFilterCaseSensitive": false
        },
        "priority": 1
    },
    {
        "id": 54,
        "action": {
            "type": "block"
        },
        "condition": {
            "urlFilter": "||drbna.cz/templates/drbna-2019/modal/modal.js",
            "resourceTypes": [
                "script"
            ],
            "isUrlFilterCaseSensitive": false
        },
        "priority": 101
    },
    {
        "id": 55,
        "action": {
            "type": "block"
        },
        "condition": {
            "urlFilter": "||espoluprace.cz/affiliate/",
            "isUrlFilterCaseSensitive": false
        },
        "priority": 1
    },
    {
        "id": 56,
        "action": {
            "type": "block"
        },
        "condition": {
            "urlFilter": "||fdb.cz/ad/",
            "isUrlFilterCaseSensitive": false
        },
        "priority": 1
    },
    {
        "id": 57,
        "action": {
            "type": "block"
        },
        "condition": {
            "urlFilter": "||filmporno.cz/media/banners/",
            "isUrlFilterCaseSensitive": false
        },
        "priority": 1
    },
    {
        "id": 60,
        "action": {
            "type": "block"
        },
        "condition": {
            "urlFilter": "||hcdukla.cz/adds/",
            "isUrlFilterCaseSensitive": false
        },
        "priority": 1
    },
    {
        "id": 61,
        "action": {
            "type": "block"
        },
        "condition": {
            "urlFilter": "||hcmotor.cz/adds/",
            "isUrlFilterCaseSensitive": false
        },
        "priority": 1
    },
    {
        "id": 62,
        "action": {
            "type": "block"
        },
        "condition": {
            "urlFilter": "||hcorli.cz/img/hokejcz/banner_hokejcz.png",
            "isUrlFilterCaseSensitive": false
        },
        "priority": 1
    },
    {
        "id": 63,
        "action": {
            "type": "block"
        },
        "condition": {
            "urlFilter": "||hd-forum.cz/images/banner/",
            "isUrlFilterCaseSensitive": false
        },
        "priority": 1
    },
    {
        "id": 64,
        "action": {
            "type": "block"
        },
        "condition": {
            "urlFilter": "||hd-forum.cz/images/sberbank.jpg",
            "isUrlFilterCaseSensitive": false
        },
        "priority": 1
    },
    {
        "id": 65,
        "action": {
            "type": "block"
        },
        "condition": {
            "urlFilter": "||heureka.cz/direct/bannery/",
            "isUrlFilterCaseSensitive": false
        },
        "priority": 1
    },
    {
        "id": 66,
        "action": {
            "type": "block"
        },
        "condition": {
            "urlFilter": "||im9.cz/*aukro",
            "isUrlFilterCaseSensitive": false
        },
        "priority": 1
    },
    {
        "id": 67,
        "action": {
            "type": "block"
        },
        "condition": {
            "urlFilter": "||img.cdnprg.webtea.cz/web/pozadi_webu_mc.jpg",
            "isUrlFilterCaseSensitive": false
        },
        "priority": 1
    },
    {
        "id": 68,
        "action": {
            "type": "block"
        },
        "condition": {
            "urlFilter": "||jiskra-benesov.cz/images/branding/",
            "isUrlFilterCaseSensitive": false
        },
        "priority": 1
    },
    {
        "id": 69,
        "action": {
            "type": "block"
        },
        "condition": {
            "urlFilter": "||jiskra-benesov.cz/webloader/jsloader-*.js",
            "isUrlFilterCaseSensitive": false
        },
        "priority": 1
    },
    {
        "id": 70,
        "action": {
            "type": "block"
        },
        "condition": {
            "urlFilter": "||js.tipcars.com/js/*/_view/amalker/amalker.js",
            "isUrlFilterCaseSensitive": false
        },
        "priority": 1
    },
    {
        "id": 71,
        "action": {
            "type": "block"
        },
        "condition": {
            "urlFilter": "||krimi-plzen.cz/media/partners/",
            "isUrlFilterCaseSensitive": false
        },
        "priority": 1
    },
    {
        "id": 72,
        "action": {
            "type": "block"
        },
        "condition": {
            "urlFilter": "||kurzy.cz/e/adv?",
            "isUrlFilterCaseSensitive": false
        },
        "priority": 1
    },
    {
        "id": 73,
        "action": {
            "type": "block"
        },
        "condition": {
            "urlFilter": "||img.kurzy.cz/og",
            "isUrlFilterCaseSensitive": false
        },
        "priority": 1
    },
    {
        "id": 74,
        "action": {
            "type": "block"
        },
        "condition": {
            "urlFilter": "||lamer.cz/images/bg*.jpg",
            "isUrlFilterCaseSensitive": false
        },
        "priority": 1
    },
    {
        "id": 75,
        "action": {
            "type": "block"
        },
        "condition": {
            "urlFilter": "||letemsvetemapplem.eu/*/alzafeed_cached_js.php",
            "isUrlFilterCaseSensitive": false
        },
        "priority": 1
    },
    {
        "id": 76,
        "action": {
            "type": "block"
        },
        "condition": {
            "urlFilter": "||libise.eu/r/",
            "isUrlFilterCaseSensitive": false
        },
        "priority": 1
    },
    {
        "id": 78,
        "action": {
            "type": "block"
        },
        "condition": {
            "urlFilter": "||lphard.cz/images/banners/",
            "isUrlFilterCaseSensitive": false
        },
        "priority": 1
    },
    {
        "id": 79,
        "action": {
            "type": "block"
        },
        "condition": {
            "urlFilter": "||mamincinyrecepty.cz/images/banner",
            "isUrlFilterCaseSensitive": false
        },
        "priority": 1
    },
    {
        "id": 80,
        "action": {
            "type": "block"
        },
        "condition": {
            "urlFilter": "||mediatn.cms.nova.cz/robots.txt",
            "resourceTypes": [
                "xmlhttprequest"
            ],
            "isUrlFilterCaseSensitive": false
        },
        "priority": 101
    },
    {
        "id": 81,
        "action": {
            "type": "block"
        },
        "condition": {
            "urlFilter": "||motorkari.cz^",
            "resourceTypes": [
                "sub_frame"
            ],
            "isUrlFilterCaseSensitive": false
        },
        "priority": 101
    },
    {
        "id": 82,
        "action": {
            "type": "block"
        },
        "condition": {
            "urlFilter": "||mrk.cz/images/inz/",
            "isUrlFilterCaseSensitive": false
        },
        "priority": 1
    },
    {
        "id": 83,
        "action": {
            "type": "block"
        },
        "condition": {
            "urlFilter": "||parabola.cz/img_menu/*_01.",
            "resourceTypes": [
                "image"
            ],
            "isUrlFilterCaseSensitive": false
        },
        "priority": 101
    },
    {
        "id": 84,
        "action": {
            "type": "block"
        },
        "condition": {
            "urlFilter": "||pornuj.cz/files/ntva.php",
            "isUrlFilterCaseSensitive": false
        },
        "priority": 1
    },
    {
        "id": 85,
        "action": {
            "type": "block"
        },
        "condition": {
            "urlFilter": "||presentation.lmc.cz/aliance/",
            "isUrlFilterCaseSensitive": false
        },
        "priority": 1
    },
    {
        "id": 86,
        "action": {
            "type": "block"
        },
        "condition": {
            "urlFilter": "||prvnizpravy.cz/repository/banner",
            "isUrlFilterCaseSensitive": false
        },
        "priority": 1
    },
    {
        "id": 90,
        "action": {
            "type": "block"
        },
        "condition": {
            "urlFilter": "||rfapi.digicon.cz/img/listovacky-cross/enigmaplus.cz.js",
            "resourceTypes": [
                "script"
            ],
            "isUrlFilterCaseSensitive": false
        },
        "priority": 101
    },
    {
        "id": 91,
        "action": {
            "type": "block"
        },
        "condition": {
            "urlFilter": "||romea.cz/images/servis/banner",
            "isUrlFilterCaseSensitive": false
        },
        "priority": 1
    },
    {
        "id": 92,
        "action": {
            "type": "block"
        },
        "condition": {
            "urlFilter": "||ronnie.cz/cache/bannery/",
            "isUrlFilterCaseSensitive": false
        },
        "priority": 1
    },
    {
        "id": 93,
        "action": {
            "type": "block"
        },
        "condition": {
            "urlFilter": "||sbazar.cz/*/v1/xhr",
            "isUrlFilterCaseSensitive": false
        },
        "priority": 1
    },
    {
        "id": 94,
        "action": {
            "type": "block"
        },
        "condition": {
            "urlFilter": "||sktorrent.eu/torrent/interstitial.js",
            "isUrlFilterCaseSensitive": false
        },
        "priority": 1
    },
    {
        "id": 98,
        "action": {
            "type": "block"
        },
        "condition": {
            "urlFilter": "||stobklub.cz/images/banners/maintop.jpg",
            "isUrlFilterCaseSensitive": false
        },
        "priority": 1
    },
    {
        "id": 100,
        "action": {
            "type": "block"
        },
        "condition": {
            "urlFilter": "||uschovna.cz/branding",
            "isUrlFilterCaseSensitive": false
        },
        "priority": 1
    },
    {
        "id": 101,
        "action": {
            "type": "block"
        },
        "condition": {
            "urlFilter": "||vascak.cz/data/img/adblock.png",
            "resourceTypes": [
                "image"
            ],
            "isUrlFilterCaseSensitive": false
        },
        "priority": 101
    },
    {
        "id": 103,
        "action": {
            "type": "block"
        },
        "condition": {
            "urlFilter": "||warforum.cz/ads/",
            "resourceTypes": [
                "image"
            ],
            "isUrlFilterCaseSensitive": false
        },
        "priority": 101
    },
    {
        "id": 104,
        "action": {
            "type": "block"
        },
        "condition": {
            "urlFilter": "||wesa.cz/banner/",
            "isUrlFilterCaseSensitive": false
        },
        "priority": 1
    },
    {
        "id": 105,
        "action": {
            "type": "block"
        },
        "condition": {
            "urlFilter": "*/wp-content/plugins/wp-content-copy-protection/assets/js/script.min.js",
            "initiatorDomains": [
                "rozbor-dila.cz",
                "rozbor-dila.eu",
                "rozborknihy.cz",
                "studijni-svet.cz",
                "ekonomie-ucetnictvi.cz",
                "biologie-chemie.cz",
                "anglictina-maturita.cz"
            ],
            "isUrlFilterCaseSensitive": false
        },
        "priority": 116
    },
    {
        "id": 106,
        "action": {
            "type": "block"
        },
        "condition": {
            "urlFilter": "*/wp-content/plugins/wp-content-copy-protection/assets/css/style.min.css",
            "initiatorDomains": [
                "rozbor-dila.cz",
                "rozbor-dila.eu",
                "rozborknihy.cz",
                "studijni-svet.cz",
                "ekonomie-ucetnictvi.cz",
                "biologie-chemie.cz",
                "anglictina-maturita.cz"
            ],
            "isUrlFilterCaseSensitive": false
        },
        "priority": 116
    },
    {
        "id": 107,
        "action": {
            "type": "block"
        },
        "condition": {
            "urlFilter": "||zkouknito.cz/js/js.htmlad.js",
            "isUrlFilterCaseSensitive": false
        },
        "priority": 1
    },
    {
        "id": 108,
        "action": {
            "type": "block"
        },
        "condition": {
            "urlFilter": "||zvukarina.cz/forum/images/ostatni/",
            "isUrlFilterCaseSensitive": false
        },
        "priority": 1
    },
    {
        "id": 115,
        "action": {
            "type": "block"
        },
        "condition": {
            "urlFilter": "||autobazar.eu/__branding/",
            "isUrlFilterCaseSensitive": false
        },
        "priority": 1
    },
    {
        "id": 117,
        "action": {
            "type": "block"
        },
        "condition": {
            "urlFilter": "||bmwklub.sk/images/banners/",
            "isUrlFilterCaseSensitive": false
        },
        "priority": 1
    },
    {
        "id": 118,
        "action": {
            "type": "block"
        },
        "condition": {
            "urlFilter": "||eduself.sk/public/js/prebid-ads.js",
            "resourceTypes": [
                "script"
            ],
            "isUrlFilterCaseSensitive": false
        },
        "priority": 1000101
    },
    {
        "id": 119,
        "action": {
            "type": "block"
        },
        "condition": {
            "urlFilter": "||flirtkontakt.sk/previews/banner*.jpg",
            "isUrlFilterCaseSensitive": false
        },
        "priority": 1
    },
    {
        "id": 120,
        "action": {
            "type": "block"
        },
        "condition": {
            "urlFilter": "||fony.sk/content/banners/",
            "isUrlFilterCaseSensitive": false
        },
        "priority": 1
    },
    {
        "id": 121,
        "action": {
            "type": "block"
        },
        "condition": {
            "urlFilter": "||fundingchoicesmessages.google.com",
            "initiatorDomains": [
                "hnonline.sk"
            ],
            "isUrlFilterCaseSensitive": false
        },
        "priority": 201
    },
    {
        "id": 122,
        "action": {
            "type": "block"
        },
        "condition": {
            "urlFilter": "||funnyburger.sk/js/anti-theft-system.js",
            "resourceTypes": [
                "script"
            ],
            "isUrlFilterCaseSensitive": false
        },
        "priority": 101
    },
    {
        "id": 123,
        "action": {
            "type": "block"
        },
        "condition": {
            "urlFilter": "||hojko.com/images/banner*.gif",
            "isUrlFilterCaseSensitive": false
        },
        "priority": 1
    },
    {
        "id": 125,
        "action": {
            "type": "block"
        },
        "condition": {
            "urlFilter": "||img.zoznam.sk/adimages/",
            "isUrlFilterCaseSensitive": false
        },
        "priority": 1
    },
    {
        "id": 126,
        "action": {
            "type": "block"
        },
        "condition": {
            "urlFilter": "||media.hnonline.sk/api/v1/hn-player/stripe",
            "isUrlFilterCaseSensitive": false
        },
        "priority": 1
    },
    {
        "id": 127,
        "action": {
            "type": "block"
        },
        "condition": {
            "urlFilter": "||mhdba.eu/banerova-reklama-animacia.gif",
            "isUrlFilterCaseSensitive": false
        },
        "priority": 1
    },
    {
        "id": 128,
        "action": {
            "type": "block"
        },
        "condition": {
            "urlFilter": "||michalovskespravy.sk/files/a57xq6rhr5uuzzyf.gif",
            "isUrlFilterCaseSensitive": false
        },
        "priority": 1
    },
    {
        "id": 129,
        "action": {
            "type": "block"
        },
        "condition": {
            "urlFilter": "||mojanitra.sk/banery/",
            "isUrlFilterCaseSensitive": false
        },
        "priority": 1
    },
    {
        "id": 130,
        "action": {
            "type": "block"
        },
        "condition": {
            "urlFilter": "||mojanitra.sk//images/banery/",
            "isUrlFilterCaseSensitive": false
        },
        "priority": 1
    },
    {
        "id": 131,
        "action": {
            "type": "block"
        },
        "condition": {
            "urlFilter": "||ourphorum.com/images/banner",
            "isUrlFilterCaseSensitive": false
        },
        "priority": 1
    },
    {
        "id": 132,
        "action": {
            "type": "block"
        },
        "condition": {
            "urlFilter": "||pricemania.sk/pictures/banners/",
            "isUrlFilterCaseSensitive": false
        },
        "priority": 1
    },
    {
        "id": 133,
        "action": {
            "type": "block"
        },
        "condition": {
            "urlFilter": "||pricemania.sk/pictures/campaigns/",
            "isUrlFilterCaseSensitive": false
        },
        "priority": 1
    },
    {
        "id": 134,
        "action": {
            "type": "block"
        },
        "condition": {
            "urlFilter": "||radia.sk/_uputavky/",
            "resourceTypes": [
                "sub_frame"
            ],
            "isUrlFilterCaseSensitive": false
        },
        "priority": 101
    },
    {
        "id": 135,
        "action": {
            "type": "block"
        },
        "condition": {
            "urlFilter": "||radia.sk/scripts/ads.js",
            "isUrlFilterCaseSensitive": false
        },
        "priority": 1
    },
    {
        "id": 136,
        "action": {
            "type": "block"
        },
        "condition": {
            "urlFilter": "||recycle.zoznam.sk/get.fcgi",
            "isUrlFilterCaseSensitive": false
        },
        "priority": 1
    },
    {
        "id": 137,
        "action": {
            "type": "block"
        },
        "condition": {
            "urlFilter": "||recycle-static.zoznam.sk/*.mp4",
            "isUrlFilterCaseSensitive": false
        },
        "priority": 1
    },
    {
        "id": 138,
        "action": {
            "type": "block"
        },
        "condition": {
            "urlFilter": "||rtvs.sk/bs/xml/vast.xml",
            "isUrlFilterCaseSensitive": false
        },
        "priority": 1
    },
    {
        "id": 139,
        "action": {
            "type": "block"
        },
        "condition": {
            "urlFilter": "||rtvs.sk/bs/xml/vmap.xml",
            "isUrlFilterCaseSensitive": false
        },
        "priority": 1
    },
    {
        "id": 140,
        "action": {
            "type": "block"
        },
        "condition": {
            "urlFilter": "||sector.sk/a/",
            "isUrlFilterCaseSensitive": false
        },
        "priority": 1
    },
    {
        "id": 141,
        "action": {
            "type": "block"
        },
        "condition": {
            "urlFilter": "||serialy.io/theme/json/episode.ad.etarget.php",
            "isUrlFilterCaseSensitive": false
        },
        "priority": 1
    },
    {
        "id": 142,
        "action": {
            "type": "block"
        },
        "condition": {
            "urlFilter": "||ta3.com/api/v1/livebox/video/",
            "isUrlFilterCaseSensitive": false
        },
        "priority": 1
    },
    {
        "id": 143,
        "action": {
            "type": "block"
        },
        "condition": {
            "urlFilter": "||waaw.*/js/script_33.10.js?16",
            "resourceTypes": [
                "script"
            ],
            "isUrlFilterCaseSensitive": false
        },
        "priority": 101
    },
    {
        "id": 144,
        "action": {
            "type": "block"
        },
        "condition": {
            "urlFilter": "||zn.sk/galeria/",
            "isUrlFilterCaseSensitive": false
        },
        "priority": 1
    },
    {
        "id": 148,
        "action": {
            "type": "block"
        },
        "condition": {
            "urlFilter": "*.livebox.cz/TA3_VOD_COM",
            "domainType": "thirdParty",
            "isUrlFilterCaseSensitive": false
        },
        "priority": 2
    },
    {
        "id": 149,
        "action": {
            "type": "block"
        },
        "condition": {
            "urlFilter": "||001shop.cz^",
            "domainType": "thirdParty",
            "isUrlFilterCaseSensitive": false
        },
        "priority": 2
    },
    {
        "id": 150,
        "action": {
            "type": "block"
        },
        "condition": {
            "urlFilter": "||10.im.cz^",
            "domainType": "thirdParty",
            "isUrlFilterCaseSensitive": false
        },
        "priority": 2
    },
    {
        "id": 151,
        "action": {
            "type": "block"
        },
        "condition": {
            "urlFilter": "||ad.autobazar.cz^",
            "domainType": "thirdParty",
            "isUrlFilterCaseSensitive": false
        },
        "priority": 2
    },
    {
        "id": 152,
        "action": {
            "type": "block"
        },
        "condition": {
            "urlFilter": "||ad.citynet.cz^",
            "domainType": "thirdParty",
            "isUrlFilterCaseSensitive": false
        },
        "priority": 2
    },
    {
        "id": 153,
        "action": {
            "type": "block"
        },
        "condition": {
            "urlFilter": "||ad.czechia.com^",
            "domainType": "thirdParty",
            "isUrlFilterCaseSensitive": false
        },
        "priority": 2
    },
    {
        "id": 154,
        "action": {
            "type": "block"
        },
        "condition": {
            "urlFilter": "||ad.eva.cz^",
            "domainType": "thirdParty",
            "isUrlFilterCaseSensitive": false
        },
        "priority": 2
    },
    {
        "id": 155,
        "action": {
            "type": "block"
        },
        "condition": {
            "urlFilter": "||ad.seznam.cz^",
            "domainType": "thirdParty",
            "isUrlFilterCaseSensitive": false
        },
        "priority": 2
    },
    {
        "id": 156,
        "action": {
            "type": "block"
        },
        "condition": {
            "urlFilter": "||ad.surtep.cz^",
            "domainType": "thirdParty",
            "isUrlFilterCaseSensitive": false
        },
        "priority": 2
    },
    {
        "id": 157,
        "action": {
            "type": "block"
        },
        "condition": {
            "urlFilter": "||ad1.kde.cz^",
            "domainType": "thirdParty",
            "isUrlFilterCaseSensitive": false
        },
        "priority": 2
    },
    {
        "id": 158,
        "action": {
            "type": "block"
        },
        "condition": {
            "urlFilter": "||adexpert.cz^",
            "domainType": "thirdParty",
            "isUrlFilterCaseSensitive": false
        },
        "priority": 2
    },
    {
        "id": 159,
        "action": {
            "type": "block"
        },
        "condition": {
            "urlFilter": "||adform.net^",
            "domainType": "thirdParty",
            "isUrlFilterCaseSensitive": false
        },
        "priority": 2
    },
    {
        "id": 160,
        "action": {
            "type": "block"
        },
        "condition": {
            "urlFilter": "||ads.cars.cz^",
            "domainType": "thirdParty",
            "isUrlFilterCaseSensitive": false
        },
        "priority": 2
    },
    {
        "id": 161,
        "action": {
            "type": "block"
        },
        "condition": {
            "urlFilter": "||ads.esports.cz^",
            "domainType": "thirdParty",
            "isUrlFilterCaseSensitive": false
        },
        "priority": 2
    },
    {
        "id": 162,
        "action": {
            "type": "block"
        },
        "condition": {
            "urlFilter": "||adverts.cz^",
            "domainType": "thirdParty",
            "isUrlFilterCaseSensitive": false
        },
        "priority": 2
    },
    {
        "id": 163,
        "action": {
            "type": "block"
        },
        "condition": {
            "urlFilter": "||automodul.cz^",
            "domainType": "thirdParty",
            "isUrlFilterCaseSensitive": false
        },
        "priority": 2
    },
    {
        "id": 164,
        "action": {
            "type": "block"
        },
        "condition": {
            "urlFilter": "||banan.cz^",
            "domainType": "thirdParty",
            "isUrlFilterCaseSensitive": false
        },
        "priority": 2
    },
    {
        "id": 165,
        "action": {
            "type": "block"
        },
        "condition": {
            "urlFilter": "||banner.ifortuna.cz^",
            "domainType": "thirdParty",
            "isUrlFilterCaseSensitive": false
        },
        "priority": 2
    },
    {
        "id": 166,
        "action": {
            "type": "block"
        },
        "condition": {
            "urlFilter": "||banners.onebit.cz^",
            "domainType": "thirdParty",
            "isUrlFilterCaseSensitive": false
        },
        "priority": 2
    },
    {
        "id": 167,
        "action": {
            "type": "block"
        },
        "condition": {
            "urlFilter": "||chrek.stdout.cz^",
            "domainType": "thirdParty",
            "isUrlFilterCaseSensitive": false
        },
        "priority": 2
    },
    {
        "id": 168,
        "action": {
            "type": "block"
        },
        "condition": {
            "urlFilter": "||d.vvbox.cz^",
            "domainType": "thirdParty",
            "isUrlFilterCaseSensitive": false
        },
        "priority": 2
    },
    {
        "id": 169,
        "action": {
            "type": "block"
        },
        "condition": {
            "urlFilter": "||d.wedosas.net^",
            "domainType": "thirdParty",
            "isUrlFilterCaseSensitive": false
        },
        "priority": 2
    },
    {
        "id": 170,
        "action": {
            "type": "block"
        },
        "condition": {
            "urlFilter": "||data.itiscali.cz^",
            "domainType": "thirdParty",
            "isUrlFilterCaseSensitive": false
        },
        "priority": 2
    },
    {
        "id": 171,
        "action": {
            "type": "block"
        },
        "condition": {
            "urlFilter": "||decp.cmscore.cz^",
            "domainType": "thirdParty",
            "isUrlFilterCaseSensitive": false
        },
        "priority": 2
    },
    {
        "id": 172,
        "action": {
            "type": "block"
        },
        "condition": {
            "urlFilter": "||dev.youcan.cz^",
            "domainType": "thirdParty",
            "isUrlFilterCaseSensitive": false
        },
        "priority": 2
    },
    {
        "id": 173,
        "action": {
            "type": "block"
        },
        "condition": {
            "urlFilter": "||dot.idot.cz^",
            "domainType": "thirdParty",
            "isUrlFilterCaseSensitive": false
        },
        "priority": 2
    },
    {
        "id": 174,
        "action": {
            "type": "block"
        },
        "condition": {
            "urlFilter": "||ecigareta.eu^",
            "domainType": "thirdParty",
            "isUrlFilterCaseSensitive": false
        },
        "priority": 2
    },
    {
        "id": 175,
        "action": {
            "type": "block"
        },
        "condition": {
            "urlFilter": "||ehub.cz^",
            "domainType": "thirdParty",
            "isUrlFilterCaseSensitive": false
        },
        "priority": 2
    },
    {
        "id": 176,
        "action": {
            "type": "block"
        },
        "condition": {
            "urlFilter": "||fastshare.cz^",
            "domainType": "thirdParty",
            "isUrlFilterCaseSensitive": false
        },
        "priority": 2
    },
    {
        "id": 177,
        "action": {
            "type": "block"
        },
        "condition": {
            "urlFilter": "||graphics.stdout.cz/b:commercial",
            "domainType": "thirdParty",
            "isUrlFilterCaseSensitive": false
        },
        "priority": 2
    },
    {
        "id": 178,
        "action": {
            "type": "block"
        },
        "condition": {
            "urlFilter": "||heureka.cz^",
            "domainType": "thirdParty",
            "isUrlFilterCaseSensitive": false
        },
        "priority": 2
    },
    {
        "id": 179,
        "action": {
            "type": "block"
        },
        "condition": {
            "urlFilter": "||ibillboard.com^",
            "domainType": "thirdParty",
            "isUrlFilterCaseSensitive": false
        },
        "priority": 2
    },
    {
        "id": 180,
        "action": {
            "type": "block"
        },
        "condition": {
            "urlFilter": "||idvert.cz^",
            "domainType": "thirdParty",
            "isUrlFilterCaseSensitive": false
        },
        "priority": 2
    },
    {
        "id": 181,
        "action": {
            "type": "block"
        },
        "condition": {
            "urlFilter": "||im9.cz/*/vyrobce/*background",
            "domainType": "thirdParty",
            "isUrlFilterCaseSensitive": false
        },
        "priority": 2
    },
    {
        "id": 182,
        "action": {
            "type": "block"
        },
        "condition": {
            "urlFilter": "||imedia.cz^",
            "domainType": "thirdParty",
            "isUrlFilterCaseSensitive": false
        },
        "priority": 2
    },
    {
        "id": 183,
        "action": {
            "type": "block"
        },
        "condition": {
            "urlFilter": "||intext.billboard.cz^",
            "domainType": "thirdParty",
            "isUrlFilterCaseSensitive": false
        },
        "priority": 2
    },
    {
        "id": 184,
        "action": {
            "type": "block"
        },
        "condition": {
            "urlFilter": "||intext.lookit.cz^",
            "domainType": "thirdParty",
            "isUrlFilterCaseSensitive": false
        },
        "priority": 2
    },
    {
        "id": 185,
        "action": {
            "type": "block"
        },
        "condition": {
            "urlFilter": "||intext.wdt.cz^",
            "domainType": "thirdParty",
            "isUrlFilterCaseSensitive": false
        },
        "priority": 2
    },
    {
        "id": 186,
        "action": {
            "type": "block"
        },
        "condition": {
            "urlFilter": "||megadarky.cz^",
            "domainType": "thirdParty",
            "isUrlFilterCaseSensitive": false
        },
        "priority": 2
    },
    {
        "id": 187,
        "action": {
            "type": "block"
        },
        "condition": {
            "urlFilter": "||mer.stdout.cz^",
            "domainType": "thirdParty",
            "isUrlFilterCaseSensitive": false
        },
        "priority": 2
    },
    {
        "id": 188,
        "action": {
            "type": "block"
        },
        "condition": {
            "urlFilter": "||n.hyperinzerce.cz^",
            "domainType": "thirdParty",
            "isUrlFilterCaseSensitive": false
        },
        "priority": 2
    },
    {
        "id": 189,
        "action": {
            "type": "block"
        },
        "condition": {
            "urlFilter": "||netadvert.cz^",
            "domainType": "thirdParty",
            "isUrlFilterCaseSensitive": false
        },
        "priority": 2
    },
    {
        "id": 190,
        "action": {
            "type": "block"
        },
        "condition": {
            "urlFilter": "||out-ng.sklik.cz^",
            "domainType": "thirdParty",
            "isUrlFilterCaseSensitive": false
        },
        "priority": 2
    },
    {
        "id": 191,
        "action": {
            "type": "block"
        },
        "condition": {
            "urlFilter": "||out.sklik.cz^",
            "domainType": "thirdParty",
            "isUrlFilterCaseSensitive": false
        },
        "priority": 2
    },
    {
        "id": 192,
        "action": {
            "type": "block"
        },
        "condition": {
            "urlFilter": "||performax.cz^",
            "domainType": "thirdParty",
            "isUrlFilterCaseSensitive": false
        },
        "priority": 2
    },
    {
        "id": 193,
        "action": {
            "type": "block"
        },
        "condition": {
            "urlFilter": "||pizzamodena.cz^",
            "domainType": "thirdParty",
            "isUrlFilterCaseSensitive": false
        },
        "priority": 2
    },
    {
        "id": 194,
        "action": {
            "type": "block"
        },
        "condition": {
            "urlFilter": "||productads.cz^",
            "domainType": "thirdParty",
            "isUrlFilterCaseSensitive": false
        },
        "priority": 2
    },
    {
        "id": 195,
        "action": {
            "type": "block"
        },
        "condition": {
            "urlFilter": "||r.i0.cz^",
            "domainType": "thirdParty",
            "isUrlFilterCaseSensitive": false
        },
        "priority": 2
    },
    {
        "id": 196,
        "action": {
            "type": "block"
        },
        "condition": {
            "urlFilter": "||r2b2.cz^",
            "domainType": "thirdParty",
            "isUrlFilterCaseSensitive": false
        },
        "priority": 2
    },
    {
        "id": 197,
        "action": {
            "type": "block"
        },
        "condition": {
            "urlFilter": "||reklamy.s3.amazonaws.com^",
            "domainType": "thirdParty",
            "isUrlFilterCaseSensitive": false
        },
        "priority": 2
    },
    {
        "id": 198,
        "action": {
            "type": "block"
        },
        "condition": {
            "urlFilter": "||rival.cz^",
            "domainType": "thirdParty",
            "isUrlFilterCaseSensitive": false
        },
        "priority": 2
    },
    {
        "id": 199,
        "action": {
            "type": "block"
        },
        "condition": {
            "urlFilter": "||screechingstove.com^",
            "domainType": "thirdParty",
            "isUrlFilterCaseSensitive": false
        },
        "priority": 2
    },
    {
        "id": 200,
        "action": {
            "type": "block"
        },
        "condition": {
            "urlFilter": "||sda.online-systemy.cz^",
            "domainType": "thirdParty",
            "isUrlFilterCaseSensitive": false
        },
        "priority": 2
    },
    {
        "id": 201,
        "action": {
            "type": "block"
        },
        "condition": {
            "urlFilter": "||sda.un-42.com^",
            "domainType": "thirdParty",
            "isUrlFilterCaseSensitive": false
        },
        "priority": 2
    },
    {
        "id": 202,
        "action": {
            "type": "block"
        },
        "condition": {
            "urlFilter": "||storage.googleapis.com/adela-hb-platform.appspot.com/",
            "domainType": "thirdParty",
            "isUrlFilterCaseSensitive": false
        },
        "priority": 2
    },
    {
        "id": 203,
        "action": {
            "type": "block"
        },
        "condition": {
            "urlFilter": "||trackad.cz^",
            "domainType": "thirdParty",
            "isUrlFilterCaseSensitive": false
        },
        "priority": 2
    },
    {
        "id": 204,
        "action": {
            "type": "block"
        },
        "condition": {
            "urlFilter": "||viadata.store^",
            "domainType": "thirdParty",
            "isUrlFilterCaseSensitive": false
        },
        "priority": 2
    },
    {
        "id": 205,
        "action": {
            "type": "block"
        },
        "condition": {
            "urlFilter": "||xzone.cz^",
            "domainType": "thirdParty",
            "isUrlFilterCaseSensitive": false
        },
        "priority": 2
    },
    {
        "id": 206,
        "action": {
            "type": "block"
        },
        "condition": {
            "urlFilter": "||zombiezone.cz^",
            "domainType": "thirdParty",
            "isUrlFilterCaseSensitive": false
        },
        "priority": 2
    },
    {
        "id": 207,
        "action": {
            "type": "block"
        },
        "condition": {
            "urlFilter": "||zumail.cz^",
            "domainType": "thirdParty",
            "isUrlFilterCaseSensitive": false
        },
        "priority": 2
    },
    {
        "id": 211,
        "action": {
            "type": "block"
        },
        "condition": {
            "urlFilter": "||ban.tipsport.sk^",
            "domainType": "thirdParty",
            "isUrlFilterCaseSensitive": false
        },
        "priority": 2
    },
    {
        "id": 212,
        "action": {
            "type": "block"
        },
        "condition": {
            "urlFilter": "||firebasestorage.googleapis.com/v0/b/tivio-dev.appspot.com/*vast*.xml",
            "domainType": "thirdParty",
            "initiatorDomains": [
                "garaz.tv"
            ],
            "isUrlFilterCaseSensitive": false
        },
        "priority": 202
    },
    {
        "id": 213,
        "action": {
            "type": "block"
        },
        "condition": {
            "urlFilter": "||heureka.sk^",
            "domainType": "thirdParty",
            "isUrlFilterCaseSensitive": false
        },
        "priority": 2
    },
    {
        "id": 214,
        "action": {
            "type": "block"
        },
        "condition": {
            "urlFilter": "||imr.sk^",
            "domainType": "thirdParty",
            "isUrlFilterCaseSensitive": false
        },
        "priority": 2
    },
    {
        "id": 215,
        "action": {
            "type": "block"
        },
        "condition": {
            "urlFilter": "||inclick.sk^",
            "domainType": "thirdParty",
            "isUrlFilterCaseSensitive": false
        },
        "priority": 2
    },
    {
        "id": 216,
        "action": {
            "type": "block"
        },
        "condition": {
            "urlFilter": "||inres.uspech.sk^",
            "domainType": "thirdParty",
            "isUrlFilterCaseSensitive": false
        },
        "priority": 2
    },
    {
        "id": 217,
        "action": {
            "type": "block"
        },
        "condition": {
            "urlFilter": "||kariera.zoznam.sk/?page=banner",
            "domainType": "thirdParty",
            "isUrlFilterCaseSensitive": false
        },
        "priority": 2
    },
    {
        "id": 218,
        "action": {
            "type": "block"
        },
        "condition": {
            "urlFilter": "||login.dognet.sk/accounts/default1",
            "domainType": "thirdParty",
            "isUrlFilterCaseSensitive": false
        },
        "priority": 2
    },
    {
        "id": 219,
        "action": {
            "type": "block"
        },
        "condition": {
            "urlFilter": "||netsuccess.sk^",
            "domainType": "thirdParty",
            "isUrlFilterCaseSensitive": false
        },
        "priority": 2
    },
    {
        "id": 220,
        "action": {
            "type": "block"
        },
        "condition": {
            "urlFilter": "||partner.mrtns.eu^",
            "domainType": "thirdParty",
            "isUrlFilterCaseSensitive": false
        },
        "priority": 2
    },
    {
        "id": 221,
        "action": {
            "type": "block"
        },
        "condition": {
            "urlFilter": "||pohodo.sk^",
            "domainType": "thirdParty",
            "isUrlFilterCaseSensitive": false
        },
        "priority": 2
    },
    {
        "id": 222,
        "action": {
            "type": "block"
        },
        "condition": {
            "urlFilter": "||predpredaj.zoznam.sk^",
            "domainType": "thirdParty",
            "initiatorDomains": [
                "cas.sk"
            ],
            "isUrlFilterCaseSensitive": false
        },
        "priority": 202
    },
    {
        "id": 223,
        "action": {
            "type": "block"
        },
        "condition": {
            "urlFilter": "||productads.sk^",
            "domainType": "thirdParty",
            "isUrlFilterCaseSensitive": false
        },
        "priority": 2
    },
    {
        "id": 224,
        "action": {
            "type": "block"
        },
        "condition": {
            "urlFilter": "||recycle-static.zoznam.sk^",
            "domainType": "thirdParty",
            "isUrlFilterCaseSensitive": false
        },
        "priority": 2
    },
    {
        "id": 225,
        "action": {
            "type": "block"
        },
        "condition": {
            "urlFilter": "||robene.sk^",
            "domainType": "thirdParty",
            "isUrlFilterCaseSensitive": false
        },
        "priority": 2
    },
    {
        "id": 226,
        "action": {
            "type": "block"
        },
        "condition": {
            "urlFilter": "||storage.googleapis.com/tivio-production.appspot.com/ads/",
            "domainType": "thirdParty",
            "isUrlFilterCaseSensitive": false
        },
        "priority": 2
    },
    {
        "id": 227,
        "action": {
            "type": "block"
        },
        "condition": {
            "urlFilter": "||ticketportal.sk/carousels^",
            "domainType": "thirdParty",
            "isUrlFilterCaseSensitive": false
        },
        "priority": 2
    },
    {
        "id": 228,
        "action": {
            "type": "block"
        },
        "condition": {
            "urlFilter": "||turbo.web2media.sk",
            "domainType": "thirdParty",
            "isUrlFilterCaseSensitive": false
        },
        "priority": 2
    },
    {
        "id": 229,
        "action": {
            "type": "block"
        },
        "condition": {
            "urlFilter": "||zachej.sk^",
            "domainType": "thirdParty",
            "isUrlFilterCaseSensitive": false
        },
        "priority": 2
    },
    {
        "id": 233,
        "action": {
            "type": "allow"
        },
        "condition": {
            "urlFilter": "*-reklama.cz",
            "isUrlFilterCaseSensitive": false
        },
        "priority": 100001
    },
    {
        "id": 236,
        "action": {
            "type": "allow"
        },
        "condition": {
            "urlFilter": "||heureka.*/crossdomain.xml",
            "isUrlFilterCaseSensitive": false
        },
        "priority": 100001
    },
    {
        "id": 237,
        "action": {
            "type": "allow"
        },
        "condition": {
            "urlFilter": "||heureka.*/direct/vyvoj-cen/",
            "isUrlFilterCaseSensitive": false
        },
        "priority": 100001
    },
    {
        "id": 238,
        "action": {
            "type": "allow"
        },
        "condition": {
            "urlFilter": "||iboys.cz/advert-list.php",
            "isUrlFilterCaseSensitive": false
        },
        "priority": 100001
    },
    {
        "id": 240,
        "action": {
            "type": "allow"
        },
        "condition": {
            "urlFilter": "||opti.cz/wp-content/uploads/*/reklama_*.jpg",
            "resourceTypes": [
                "image"
            ],
            "isUrlFilterCaseSensitive": false
        },
        "priority": 100101
    },
    {
        "id": 241,
        "action": {
            "type": "allow"
        },
        "condition": {
            "urlFilter": "||optika-opti.cz/wp-content/uploads/*/reklama_*.jpg",
            "resourceTypes": [
                "image"
            ],
            "isUrlFilterCaseSensitive": false
        },
        "priority": 100101
    },
    {
        "id": 245,
        "action": {
            "type": "allow"
        },
        "condition": {
            "urlFilter": "||static.cz.prg.cmestatic.com/static/cz/shared/js/advert.js",
            "initiatorDomains": [
                "nova.cz"
            ],
            "isUrlFilterCaseSensitive": false
        },
        "priority": 100201
    },
    {
        "id": 246,
        "action": {
            "type": "allow"
        },
        "condition": {
            "urlFilter": "||www.top-reklama.sk^",
            "domainType": "firstParty",
            "isUrlFilterCaseSensitive": false
        },
        "priority": 100002
    },
    {
        "id": 247,
        "action": {
            "type": "allow"
        },
        "condition": {
            "urlFilter": "||warforum.cz/ads.js",
            "isUrlFilterCaseSensitive": false
        },
        "priority": 100001
    },
    {
        "id": 248,
        "action": {
            "type": "allow"
        },
        "condition": {
            "urlFilter": "||api.youradio.cz/v2/ads/preroll",
            "resourceTypes": [
                "xmlhttprequest"
            ],
            "isUrlFilterCaseSensitive": false
        },
        "priority": 100101
    },
    {
        "id": 263,
        "action": {
            "type": "allow"
        },
        "condition": {
            "urlFilter": "||admedia.joj.sk/outstream/embed?iframe",
            "initiatorDomains": [
                "sport.aktuality.sk"
            ],
            "resourceTypes": [
                "sub_frame"
            ],
            "isUrlFilterCaseSensitive": false
        },
        "priority": 100301
    },
    {
        "id": 265,
        "action": {
            "type": "allow"
        },
        "condition": {
            "urlFilter": "||sledujserialy.to/theme/js/ads.js",
            "isUrlFilterCaseSensitive": false
        },
        "priority": 100001
    },
    {
        "id": 617,
        "action": {
            "type": "block"
        },
        "condition": {
            "urlFilter": "||a.cele.cz^",
            "domainType": "thirdParty",
            "isUrlFilterCaseSensitive": false
        },
        "priority": 2
    },
    {
        "id": 638,
        "action": {
            "type": "block"
        },
        "condition": {
            "urlFilter": "||indian-tv.cz/uploads/",
            "resourceTypes": [
                "main_frame"
            ],
            "isUrlFilterCaseSensitive": false
        },
        "priority": 101
    },
    {
        "id": 651,
        "action": {
            "type": "block"
        },
        "condition": {
            "urlFilter": "||mrezadosa.com^",
            "domainType": "thirdParty",
            "isUrlFilterCaseSensitive": false
        },
        "priority": 2
    },
    {
        "id": 661,
        "action": {
            "type": "redirect",
            "redirect": {
                "extensionPath": "/web_accessible_resources/1x1-transparent.gif"
            }
        },
        "condition": {
            "urlFilter": "||r.i0.cz^",
            "domainType": "thirdParty",
            "resourceTypes": [
                "image"
            ],
            "isUrlFilterCaseSensitive": false
        },
        "priority": 1102
    },
    {
        "id": 673,
        "action": {
            "type": "redirect",
            "redirect": {
                "extensionPath": "/web_accessible_resources/noopjs.js"
            }
        },
        "condition": {
            "urlFilter": "||trackad.cz/adtrack.php",
            "initiatorDomains": [
                "nova.cz"
            ],
            "resourceTypes": [
                "script"
            ],
            "isUrlFilterCaseSensitive": false
        },
        "priority": 1301
    },
    {
        "id": 680,
        "action": {
            "type": "redirect",
            "redirect": {
                "extensionPath": "/web_accessible_resources/noopmp3.mp3"
            }
        },
        "condition": {
            "urlFilter": "||media.actve.net/sads/",
            "initiatorDomains": [
                "youradio.cz"
            ],
            "resourceTypes": [
                "media"
            ],
            "isUrlFilterCaseSensitive": false
        },
        "priority": 1301
    },
    {
        "id": 681,
        "action": {
            "type": "redirect",
            "redirect": {
                "extensionPath": "/web_accessible_resources/noopmp4.mp4"
            }
        },
        "condition": {
            "urlFilter": "||redirector.gvt1.com/videoplayback/id/",
            "initiatorDomains": [
                "youradio.cz"
            ],
            "resourceTypes": [
                "media"
            ],
            "isUrlFilterCaseSensitive": false
        },
        "priority": 1301
    },
    {
        "id": 691,
        "action": {
            "type": "allow"
        },
        "condition": {
            "urlFilter": ".png",
            "initiatorDomains": [
                "seznamzpravy.cz",
                "sport.cz",
                "seznam.cz",
                "sbazar.cz",
                "firmy.cz",
                "super.cz",
                "garaz.cz",
                "stream.cz",
                "novinky.cz"
            ],
            "resourceTypes": [
                "xmlhttprequest"
            ],
            "isUrlFilterCaseSensitive": false
        },
        "priority": 100213
    },
    {
        "id": 618,
        "action": {
            "type": "modifyHeaders",
            "responseHeaders": [
                {
                    "operation": "append",
                    "header": "Content-Security-Policy",
                    "value": "child-src *"
                }
            ]
        },
        "condition": {
            "urlFilter": "||aktualne.cz^",
            "isUrlFilterCaseSensitive": false,
            "resourceTypes": [
                "main_frame",
                "sub_frame",
                "stylesheet",
                "script",
                "image",
                "font",
                "object",
                "xmlhttprequest",
                "ping",
                "media",
                "websocket",
                "other"
            ]
        },
        "priority": 1
    },
    {
        "id": 628,
        "action": {
            "type": "modifyHeaders",
            "responseHeaders": [
                {
                    "operation": "append",
                    "header": "Content-Security-Policy",
                    "value": "child-src *"
                }
            ]
        },
        "condition": {
            "urlFilter": "||echo24.cz^",
            "isUrlFilterCaseSensitive": false,
            "resourceTypes": [
                "main_frame",
                "sub_frame",
                "stylesheet",
                "script",
                "image",
                "font",
                "object",
                "xmlhttprequest",
                "ping",
                "media",
                "websocket",
                "other"
            ]
        },
        "priority": 1
    },
    {
        "id": 637,
        "action": {
            "type": "modifyHeaders",
            "responseHeaders": [
                {
                    "operation": "append",
                    "header": "Content-Security-Policy",
                    "value": "child-src *"
                }
            ]
        },
        "condition": {
            "urlFilter": "||idos.idnes.cz^",
            "isUrlFilterCaseSensitive": false,
            "resourceTypes": [
                "main_frame",
                "sub_frame",
                "stylesheet",
                "script",
                "image",
                "font",
                "object",
                "xmlhttprequest",
                "ping",
                "media",
                "websocket",
                "other"
            ]
        },
        "priority": 1
    }
]