[
    {
        "id": 8,
        "action": {
            "type": "block"
        },
        "condition": {
            "urlFilter": ".is/ads/",
            "isUrlFilterCaseSensitive": false
        },
        "priority": 1
    },
    {
        "id": 9,
        "action": {
            "type": "block"
        },
        "condition": {
            "urlFilter": ".is/augl/",
            "isUrlFilterCaseSensitive": false
        },
        "priority": 1
    },
    {
        "id": 10,
        "action": {
            "type": "block"
        },
        "condition": {
            "urlFilter": ".is/*/augl/",
            "isUrlFilterCaseSensitive": false
        },
        "priority": 1
    },
    {
        "id": 11,
        "action": {
            "type": "block"
        },
        "condition": {
            "urlFilter": "||auglysingar.vinnustofan.is/",
            "isUrlFilterCaseSensitive": false
        },
        "priority": 1
    },
    {
        "id": 12,
        "action": {
            "type": "block"
        },
        "condition": {
            "urlFilter": "||skilo.is/orbit/",
            "isUrlFilterCaseSensitive": false
        },
        "priority": 1
    },
    {
        "id": 13,
        "action": {
            "type": "block"
        },
        "condition": {
            "urlFilter": "||bland.is/*/click.aspx?id=",
            "isUrlFilterCaseSensitive": false
        },
        "priority": 1
    },
    {
        "id": 14,
        "action": {
            "type": "block"
        },
        "condition": {
            "urlFilter": "||pressan.is/img/banners/",
            "isUrlFilterCaseSensitive": false
        },
        "priority": 1
    },
    {
        "id": 15,
        "action": {
            "type": "block"
        },
        "condition": {
            "urlFilter": "||fotbolti.net/banners/",
            "isUrlFilterCaseSensitive": false
        },
        "priority": 1
    },
    {
        "id": 16,
        "action": {
            "type": "block"
        },
        "condition": {
            "urlFilter": "||vf.is/files/",
            "isUrlFilterCaseSensitive": false
        },
        "priority": 1
    },
    {
        "id": 19,
        "action": {
            "type": "block"
        },
        "condition": {
            "urlFilter": "||visitreykjavik.is/PortalData/1/Resources//flash/",
            "isUrlFilterCaseSensitive": false
        },
        "priority": 1
    },
    {
        "id": 20,
        "action": {
            "type": "block"
        },
        "condition": {
            "urlFilter": "||doktor.is/images/banners/aads/",
            "isUrlFilterCaseSensitive": false
        },
        "priority": 1
    },
    {
        "id": 21,
        "action": {
            "type": "block"
        },
        "condition": {
            "urlFilter": "||f4x4.is/images/banners/",
            "isUrlFilterCaseSensitive": false
        },
        "priority": 1
    },
    {
        "id": 22,
        "action": {
            "type": "block"
        },
        "condition": {
            "urlFilter": "||dagskrain.is/static/auglysingar/",
            "isUrlFilterCaseSensitive": false
        },
        "priority": 1
    },
    {
        "id": 23,
        "action": {
            "type": "block"
        },
        "condition": {
            "urlFilter": "||utvarpsaga.is/images/banners/",
            "isUrlFilterCaseSensitive": false
        },
        "priority": 1
    },
    {
        "id": 24,
        "action": {
            "type": "block"
        },
        "condition": {
            "urlFilter": "||dfs.is/images/banners/",
            "isUrlFilterCaseSensitive": false
        },
        "priority": 1
    },
    {
        "id": 25,
        "action": {
            "type": "block"
        },
        "condition": {
            "urlFilter": "||siglo.is/static/auglysingar/",
            "isUrlFilterCaseSensitive": false
        },
        "priority": 1
    },
    {
        "id": 26,
        "action": {
            "type": "block"
        },
        "condition": {
            "urlFilter": "||freisting.is/logo/banners/",
            "isUrlFilterCaseSensitive": false
        },
        "priority": 1
    },
    {
        "id": 27,
        "action": {
            "type": "block"
        },
        "condition": {
            "urlFilter": "||freisting.is/skjalasafn/flash/",
            "isUrlFilterCaseSensitive": false
        },
        "priority": 1
    },
    {
        "id": 28,
        "action": {
            "type": "block"
        },
        "condition": {
            "urlFilter": "||freisting.is/skjalasafn/bordar/",
            "isUrlFilterCaseSensitive": false
        },
        "priority": 1
    },
    {
        "id": 29,
        "action": {
            "type": "block"
        },
        "condition": {
            "urlFilter": "||austurglugginn.is/images/banners/",
            "isUrlFilterCaseSensitive": false
        },
        "priority": 1
    },
    {
        "id": 30,
        "action": {
            "type": "block"
        },
        "condition": {
            "urlFilter": "||veitingastadir.is/resources/Files/",
            "isUrlFilterCaseSensitive": false
        },
        "priority": 1
    },
    {
        "id": 31,
        "action": {
            "type": "block"
        },
        "condition": {
            "urlFilter": "||leikjaland.is/images/banners",
            "isUrlFilterCaseSensitive": false
        },
        "priority": 1
    },
    {
        "id": 32,
        "action": {
            "type": "block"
        },
        "condition": {
            "urlFilter": "||boksala.is/portaldata/1/resources/Bannerar/",
            "isUrlFilterCaseSensitive": false
        },
        "priority": 1
    },
    {
        "id": 33,
        "action": {
            "type": "block"
        },
        "condition": {
            "urlFilter": "||flass.is/banners/",
            "isUrlFilterCaseSensitive": false
        },
        "priority": 1
    },
    {
        "id": 34,
        "action": {
            "type": "block"
        },
        "condition": {
            "urlFilter": "||soda.is/uploads/",
            "isUrlFilterCaseSensitive": false
        },
        "priority": 1
    },
    {
        "id": 35,
        "action": {
            "type": "block"
        },
        "condition": {
            "urlFilter": "||dv.is/media/news/kragi/",
            "isUrlFilterCaseSensitive": false
        },
        "priority": 1
    },
    {
        "id": 36,
        "action": {
            "type": "block"
        },
        "condition": {
            "urlFilter": "||hopkaup.is/banner/",
            "isUrlFilterCaseSensitive": false
        },
        "priority": 1
    },
    {
        "id": 37,
        "action": {
            "type": "block"
        },
        "condition": {
            "urlFilter": "||bmwkraftur.is/img/benni-Toyo_bordi2-500x60.gif",
            "isUrlFilterCaseSensitive": false
        },
        "priority": 1
    },
    {
        "id": 38,
        "action": {
            "type": "block"
        },
        "condition": {
            "urlFilter": "||soda.is/qikqik/",
            "isUrlFilterCaseSensitive": false
        },
        "priority": 1
    },
    {
        "id": 39,
        "action": {
            "type": "block"
        },
        "condition": {
            "urlFilter": "||tal.is/bordar/",
            "isUrlFilterCaseSensitive": false
        },
        "priority": 1
    },
    {
        "id": 40,
        "action": {
            "type": "block"
        },
        "condition": {
            "urlFilter": "||vefbordar.sitrus.is/",
            "isUrlFilterCaseSensitive": false
        },
        "priority": 1
    },
    {
        "id": 41,
        "action": {
            "type": "block"
        },
        "condition": {
            "urlFilter": "||live2cruize.com/auglysingar/",
            "isUrlFilterCaseSensitive": false
        },
        "priority": 1
    },
    {
        "id": 42,
        "action": {
            "type": "block"
        },
        "condition": {
            "urlFilter": "||bilasolur.is/AdPlayer.aspx?ad=",
            "isUrlFilterCaseSensitive": false
        },
        "priority": 1
    },
    {
        "id": 43,
        "action": {
            "type": "block"
        },
        "condition": {
            "urlFilter": "||bilasolur.is/banners/",
            "isUrlFilterCaseSensitive": false
        },
        "priority": 1
    },
    {
        "id": 94,
        "action": {
            "type": "block"
        },
        "condition": {
            "urlFilter": "||menn.is/wp-content/uploads/2014/08/njottucoke2.jpg",
            "isUrlFilterCaseSensitive": false
        },
        "priority": 1
    },
    {
        "id": 95,
        "action": {
            "type": "block"
        },
        "condition": {
            "urlFilter": "||menn.is/wp-content/uploads/2015/01/cero.png",
            "isUrlFilterCaseSensitive": false
        },
        "priority": 1
    },
    {
        "id": 100,
        "action": {
            "type": "block"
        },
        "condition": {
            "urlFilter": "mbl.is/a/vedur/icelandair_vedur.gif",
            "isUrlFilterCaseSensitive": false
        },
        "priority": 1
    },
    {
        "id": 105,
        "action": {
            "type": "block"
        },
        "condition": {
            "urlFilter": "mbl.is/vast_ads/",
            "isUrlFilterCaseSensitive": false
        },
        "priority": 1
    },
    {
        "id": 106,
        "action": {
            "type": "block"
        },
        "condition": {
            "urlFilter": "||kynning.olis.is/",
            "isUrlFilterCaseSensitive": false
        },
        "priority": 1
    },
    {
        "id": 111,
        "action": {
            "type": "block"
        },
        "condition": {
            "urlFilter": "ads.bleikt.is/",
            "isUrlFilterCaseSensitive": false
        },
        "priority": 1
    },
    {
        "id": 112,
        "action": {
            "type": "block"
        },
        "condition": {
            "urlFilter": "ads.pressan.is/",
            "isUrlFilterCaseSensitive": false
        },
        "priority": 1
    },
    {
        "id": 113,
        "action": {
            "type": "block"
        },
        "condition": {
            "urlFilter": "ads.aha.is/",
            "isUrlFilterCaseSensitive": false
        },
        "priority": 1
    },
    {
        "id": 119,
        "action": {
            "type": "block"
        },
        "condition": {
            "urlFilter": "||openad.visir.is/",
            "isUrlFilterCaseSensitive": false
        },
        "priority": 1
    },
    {
        "id": 139,
        "action": {
            "type": "block"
        },
        "condition": {
            "urlFilter": "||fotbolti.net/themes/2013/images/LG_rammi_mestlesid.jpg",
            "isUrlFilterCaseSensitive": false
        },
        "priority": 1
    },
    {
        "id": 140,
        "action": {
            "type": "block"
        },
        "condition": {
            "urlFilter": "||fotbolti.net/themes/2013/images/LG_rammi_mestlesid_back.jpg",
            "isUrlFilterCaseSensitive": false
        },
        "priority": 1
    },
    {
        "id": 141,
        "action": {
            "type": "block"
        },
        "condition": {
            "urlFilter": "||fotbolti.net/themes/2013/images/vef_bg.png",
            "isUrlFilterCaseSensitive": false
        },
        "priority": 1
    },
    {
        "id": 142,
        "action": {
            "type": "block"
        },
        "condition": {
            "urlFilter": "||fotbolti.net/themes/2013/images/dominos_logo1.png",
            "isUrlFilterCaseSensitive": false
        },
        "priority": 1
    },
    {
        "id": 143,
        "action": {
            "type": "block"
        },
        "condition": {
            "urlFilter": "||fotbolti.net/themes/2013/images/vodafone_logo.png",
            "isUrlFilterCaseSensitive": false
        },
        "priority": 1
    },
    {
        "id": 144,
        "action": {
            "type": "block"
        },
        "condition": {
            "urlFilter": "||auglysingar.pipar.is/",
            "isUrlFilterCaseSensitive": false
        },
        "priority": 1
    },
    {
        "id": 145,
        "action": {
            "type": "block"
        },
        "condition": {
            "urlFilter": "||ads.hun.is/",
            "isUrlFilterCaseSensitive": false
        },
        "priority": 1
    },
    {
        "id": 146,
        "action": {
            "type": "block"
        },
        "condition": {
            "urlFilter": "gaflari.is#div(class*=auglysingaplass)",
            "isUrlFilterCaseSensitive": false
        },
        "priority": 1
    },
    {
        "id": 149,
        "action": {
            "type": "block"
        },
        "condition": {
            "urlFilter": "||hjartalif.is/banners/",
            "isUrlFilterCaseSensitive": false
        },
        "priority": 1
    },
    {
        "id": 150,
        "action": {
            "type": "block"
        },
        "condition": {
            "urlFilter": "||islenska.is/digital/graenmetisbaendur/safabanner/",
            "isUrlFilterCaseSensitive": false
        },
        "priority": 1
    },
    {
        "id": 151,
        "action": {
            "type": "block"
        },
        "condition": {
            "urlFilter": "||kjarninn.is/auglysingar123/",
            "isUrlFilterCaseSensitive": false
        },
        "priority": 1
    },
    {
        "id": 153,
        "action": {
            "type": "block"
        },
        "condition": {
            "urlFilter": "||vefbordar.jl.is/",
            "isUrlFilterCaseSensitive": false
        },
        "priority": 1
    },
    {
        "id": 155,
        "action": {
            "type": "block"
        },
        "condition": {
            "urlFilter": "||eyjar.net/ad/",
            "isUrlFilterCaseSensitive": false
        },
        "priority": 1
    },
    {
        "id": 156,
        "action": {
            "type": "block"
        },
        "condition": {
            "urlFilter": "||eyjar.net/skrar/ads/",
            "isUrlFilterCaseSensitive": false
        },
        "priority": 1
    },
    {
        "id": 159,
        "action": {
            "type": "block"
        },
        "condition": {
            "urlFilter": "s.greenqloud.com/other/",
            "isUrlFilterCaseSensitive": false
        },
        "priority": 1
    },
    {
        "id": 160,
        "action": {
            "type": "block"
        },
        "condition": {
            "urlFilter": "oc-adserver.s3.amazonaws.com/",
            "isUrlFilterCaseSensitive": false
        },
        "priority": 1
    },
    {
        "id": 161,
        "action": {
            "type": "block"
        },
        "condition": {
            "urlFilter": "static.boringnerd.com/",
            "isUrlFilterCaseSensitive": false
        },
        "priority": 1
    },
    {
        "id": 162,
        "action": {
            "type": "block"
        },
        "condition": {
            "urlFilter": "static.bordar.is/",
            "isUrlFilterCaseSensitive": false
        },
        "priority": 1
    },
    {
        "id": 163,
        "action": {
            "type": "block"
        },
        "condition": {
            "urlFilter": "apache.hvitahusid.is/",
            "isUrlFilterCaseSensitive": false
        },
        "priority": 1
    },
    {
        "id": 164,
        "action": {
            "type": "block"
        },
        "condition": {
            "urlFilter": "vefbordar.vert.is/",
            "isUrlFilterCaseSensitive": false
        },
        "priority": 1
    },
    {
        "id": 186,
        "action": {
            "type": "block"
        },
        "condition": {
            "urlFilter": "||bordar.kusk.is/",
            "isUrlFilterCaseSensitive": false
        },
        "priority": 1
    },
    {
        "id": 187,
        "action": {
            "type": "block"
        },
        "condition": {
            "urlFilter": "||cdn.tix.is/tix/Ads/",
            "isUrlFilterCaseSensitive": false
        },
        "priority": 1
    },
    {
        "id": 190,
        "action": {
            "type": "block"
        },
        "condition": {
            "urlFilter": "||static.airserve.net/",
            "isUrlFilterCaseSensitive": false
        },
        "priority": 1
    },
    {
        "id": 192,
        "action": {
            "type": "block"
        },
        "condition": {
            "urlFilter": "||vefbordar.offorsi.is/",
            "isUrlFilterCaseSensitive": false
        },
        "priority": 1
    },
    {
        "id": 197,
        "action": {
            "type": "block"
        },
        "condition": {
            "urlFilter": "||nutiminn.is/popupads",
            "isUrlFilterCaseSensitive": false
        },
        "priority": 1
    }
]