[
    {
        "id": 31,
        "action": {
            "type": "block"
        },
        "condition": {
            "requestDomains": [
                "a.draugiem.lv",
                "admp-tc.delfi.lv",
                "b.itvnet.lv",
                "banners.zl.lv",
                "ecompics.power.oho.lv",
                "h.itvnet.lv",
                "promo.boomtime.lv",
                "r.inbox.lv",
                "rembi.lv",
                "w.ifrype.com"
            ]
        },
        "priority": 1
    },
    {
        "id": 200,
        "action": {
            "type": "allow"
        },
        "condition": {
            "urlFilter": "||h.itvnet.lv^*/adjs/adjs/ads.js",
            "initiatorDomains": [
                "tvnet.lv"
            ],
            "resourceTypes": [
                "script"
            ],
            "isUrlFilterCaseSensitive": false
        },
        "priority": 101000
    },
    {
        "id": 209,
        "action": {
            "type": "allow"
        },
        "condition": {
            "urlFilter": "||b.adbox.lv/bxlib/js/emiter.js?",
            "initiatorDomains": [
                "lsm.lv"
            ],
            "resourceTypes": [
                "script"
            ],
            "isUrlFilterCaseSensitive": false
        },
        "priority": 101000
    },
    {
        "id": 210,
        "action": {
            "type": "allow"
        },
        "condition": {
            "urlFilter": "||b.adbox.lv/bxlib/js/loader.js?",
            "initiatorDomains": [
                "lsm.lv"
            ],
            "resourceTypes": [
                "script"
            ],
            "isUrlFilterCaseSensitive": false
        },
        "priority": 101000
    },
    {
        "id": 211,
        "action": {
            "type": "allow"
        },
        "condition": {
            "urlFilter": "||b.adbox.lv/emiter/bx_placement.js?",
            "initiatorDomains": [
                "lsm.lv"
            ],
            "resourceTypes": [
                "script"
            ],
            "isUrlFilterCaseSensitive": false
        },
        "priority": 101000
    },
    {
        "id": 215,
        "action": {
            "type": "allow"
        },
        "condition": {
            "urlFilter": "||keytarget.adnet.lt^",
            "initiatorDomains": [
                "liepajniekiem.lv"
            ],
            "resourceTypes": [
                "script"
            ],
            "isUrlFilterCaseSensitive": false
        },
        "priority": 101000
    },
    {
        "id": 21,
        "action": {
            "type": "block"
        },
        "condition": {
            "urlFilter": "/optibet.jpg|",
            "excludedInitiatorDomains": [
                "optibet.lu",
                "optibet.lv",
                "optibet.com",
                "optibet.ee",
                "optibet.lt"
            ],
            "excludedRequestDomains": [],
            "excludedResourceTypes": [],
            "isUrlFilterCaseSensitive": false
        },
        "priority": 2
    },
    {
        "id": 17,
        "action": {
            "type": "block"
        },
        "condition": {
            "urlFilter": ".lv/ads/",
            "isUrlFilterCaseSensitive": false
        },
        "priority": 1
    },
    {
        "id": 18,
        "action": {
            "type": "block"
        },
        "condition": {
            "urlFilter": ".lv/banners/",
            "isUrlFilterCaseSensitive": false
        },
        "priority": 1
    },
    {
        "id": 19,
        "action": {
            "type": "block"
        },
        "condition": {
            "urlFilter": ".lv/images/banners/",
            "domainType": "thirdParty",
            "isUrlFilterCaseSensitive": false
        },
        "priority": 2
    },
    {
        "id": 20,
        "action": {
            "type": "block"
        },
        "condition": {
            "urlFilter": ".lv/img/banners/",
            "isUrlFilterCaseSensitive": false
        },
        "priority": 1
    },
    {
        "id": 22,
        "action": {
            "type": "block"
        },
        "condition": {
            "urlFilter": "/wp-content/srennab^",
            "isUrlFilterCaseSensitive": false
        },
        "priority": 1
    },
    {
        "id": 26,
        "action": {
            "type": "block"
        },
        "condition": {
            "urlFilter": "||1188.lv^*/banners/",
            "isUrlFilterCaseSensitive": false
        },
        "priority": 1
    },
    {
        "id": 27,
        "action": {
            "type": "block"
        },
        "condition": {
            "urlFilter": "||1a.lv/images/creamcredit",
            "isUrlFilterCaseSensitive": false
        },
        "priority": 1
    },
    {
        "id": 28,
        "action": {
            "type": "block"
        },
        "condition": {
            "urlFilter": "||1w.lv/banner_",
            "isUrlFilterCaseSensitive": false
        },
        "priority": 1
    },
    {
        "id": 29,
        "action": {
            "type": "block"
        },
        "condition": {
            "urlFilter": "||220.lv/rek_html/",
            "isUrlFilterCaseSensitive": false
        },
        "priority": 1
    },
    {
        "id": 30,
        "action": {
            "type": "block"
        },
        "condition": {
            "urlFilter": "||2x2.lv/img/",
            "resourceTypes": [
                "object"
            ],
            "isUrlFilterCaseSensitive": false
        },
        "priority": 101
    },
    {
        "id": 32,
        "action": {
            "type": "block"
        },
        "condition": {
            "urlFilter": "||atlaides.delfi.lv/export.php",
            "isUrlFilterCaseSensitive": false
        },
        "priority": 1
    },
    {
        "id": 33,
        "action": {
            "type": "block"
        },
        "condition": {
            "urlFilter": "||balticlivecam.com/images/acb_logo.png",
            "isUrlFilterCaseSensitive": false
        },
        "priority": 1
    },
    {
        "id": 35,
        "action": {
            "type": "block"
        },
        "condition": {
            "urlFilter": "||bdaugava.lv/media/uploads/banners/",
            "isUrlFilterCaseSensitive": false
        },
        "priority": 1
    },
    {
        "id": 36,
        "action": {
            "type": "block"
        },
        "condition": {
            "urlFilter": "||bigshop.lv/baners/",
            "isUrlFilterCaseSensitive": false
        },
        "priority": 1
    },
    {
        "id": 37,
        "action": {
            "type": "block"
        },
        "condition": {
            "urlFilter": "||bilesuserviss.lv/upload/banner/",
            "isUrlFilterCaseSensitive": false
        },
        "priority": 1
    },
    {
        "id": 38,
        "action": {
            "type": "block"
        },
        "condition": {
            "urlFilter": "||bm.lv/images/*.swf",
            "isUrlFilterCaseSensitive": false
        },
        "priority": 1
    },
    {
        "id": 39,
        "action": {
            "type": "block"
        },
        "condition": {
            "urlFilter": "||bm.lv^*_banner.swf",
            "isUrlFilterCaseSensitive": false
        },
        "priority": 1
    },
    {
        "id": 40,
        "action": {
            "type": "block"
        },
        "condition": {
            "urlFilter": "||cdn.balticlivecam.com/flowplayer/ad_clean.css",
            "isUrlFilterCaseSensitive": false
        },
        "priority": 1
    },
    {
        "id": 41,
        "action": {
            "type": "block"
        },
        "condition": {
            "urlFilter": "||cenuklubs.lv/assets/images/BANERI/",
            "isUrlFilterCaseSensitive": false
        },
        "priority": 1
    },
    {
        "id": 42,
        "action": {
            "type": "block"
        },
        "condition": {
            "urlFilter": "||cenuklubs.lv/assets/media/",
            "isUrlFilterCaseSensitive": false
        },
        "priority": 1
    },
    {
        "id": 43,
        "action": {
            "type": "block"
        },
        "condition": {
            "urlFilter": "||delfi.lv/ap/edu/g/",
            "isUrlFilterCaseSensitive": false
        },
        "priority": 1
    },
    {
        "id": 44,
        "action": {
            "type": "block"
        },
        "condition": {
            "urlFilter": "||delfi.lv/d/h2011/pardotnet/",
            "isUrlFilterCaseSensitive": false
        },
        "priority": 1
    },
    {
        "id": 45,
        "action": {
            "type": "block"
        },
        "condition": {
            "urlFilter": "||delfi.lv/d/infoblock/",
            "isUrlFilterCaseSensitive": false
        },
        "priority": 1
    },
    {
        "id": 46,
        "action": {
            "type": "block"
        },
        "condition": {
            "urlFilter": "||delfi.lv/fp/i/city24",
            "isUrlFilterCaseSensitive": false
        },
        "priority": 1
    },
    {
        "id": 47,
        "action": {
            "type": "block"
        },
        "condition": {
            "urlFilter": "||delfi.lv/jo/g/",
            "isUrlFilterCaseSensitive": false
        },
        "priority": 1
    },
    {
        "id": 48,
        "action": {
            "type": "block"
        },
        "condition": {
            "urlFilter": "||delfi.lv/misc/xml_infoblocks/",
            "isUrlFilterCaseSensitive": false
        },
        "priority": 1
    },
    {
        "id": 49,
        "action": {
            "type": "block"
        },
        "condition": {
            "urlFilter": "||delfi.lv/tr/g/",
            "isUrlFilterCaseSensitive": false
        },
        "priority": 1
    },
    {
        "id": 50,
        "action": {
            "type": "block"
        },
        "condition": {
            "urlFilter": "||delfi.lv/ve/g/",
            "isUrlFilterCaseSensitive": false
        },
        "priority": 1
    },
    {
        "id": 51,
        "action": {
            "type": "block"
        },
        "condition": {
            "urlFilter": "||delphi.lv/city24/",
            "isUrlFilterCaseSensitive": false
        },
        "priority": 1
    },
    {
        "id": 52,
        "action": {
            "type": "block"
        },
        "condition": {
            "urlFilter": "||delphi.lv/news-blocks/external/inchlv",
            "isUrlFilterCaseSensitive": false
        },
        "priority": 1
    },
    {
        "id": 53,
        "action": {
            "type": "block"
        },
        "condition": {
            "urlFilter": "||discover.lv/userfiles/promofotos/",
            "isUrlFilterCaseSensitive": false
        },
        "priority": 1
    },
    {
        "id": 54,
        "action": {
            "type": "block"
        },
        "condition": {
            "urlFilter": "||e-pica.lv/mce/uploads/banners/",
            "isUrlFilterCaseSensitive": false
        },
        "priority": 1
    },
    {
        "id": 56,
        "action": {
            "type": "block"
        },
        "condition": {
            "urlFilter": "||ehalle.lv/grupu_bildes/",
            "isUrlFilterCaseSensitive": false
        },
        "priority": 1
    },
    {
        "id": 57,
        "action": {
            "type": "block"
        },
        "condition": {
            "urlFilter": "||elektroenergija.lv/img/atl*",
            "resourceTypes": [
                "image"
            ],
            "isUrlFilterCaseSensitive": false
        },
        "priority": 101
    },
    {
        "id": 58,
        "action": {
            "type": "block"
        },
        "condition": {
            "urlFilter": "||elittesport.lv/pictures/banneri_gar_malam/",
            "isUrlFilterCaseSensitive": false
        },
        "priority": 1
    },
    {
        "id": 59,
        "action": {
            "type": "block"
        },
        "condition": {
            "urlFilter": "||elittesport.lv/pictures/Tirgoshanas/",
            "isUrlFilterCaseSensitive": false
        },
        "priority": 1
    },
    {
        "id": 60,
        "action": {
            "type": "block"
        },
        "condition": {
            "urlFilter": "||eveselibaspunkts.lv/images/banners/",
            "isUrlFilterCaseSensitive": false
        },
        "priority": 1
    },
    {
        "id": 61,
        "action": {
            "type": "block"
        },
        "condition": {
            "urlFilter": "||fotoreceptes.lv/banneris",
            "isUrlFilterCaseSensitive": false
        },
        "priority": 1
    },
    {
        "id": 62,
        "action": {
            "type": "block"
        },
        "condition": {
            "urlFilter": "||fotoreceptes.lv/iespeja.GIF",
            "isUrlFilterCaseSensitive": false
        },
        "priority": 1
    },
    {
        "id": 63,
        "action": {
            "type": "block"
        },
        "condition": {
            "urlFilter": "||gudriem.lv/App_Themes/Default/Banners/",
            "isUrlFilterCaseSensitive": false
        },
        "priority": 1
    },
    {
        "id": 64,
        "action": {
            "type": "block"
        },
        "condition": {
            "urlFilter": "||gudrinieks.lv/res/banner/",
            "isUrlFilterCaseSensitive": false
        },
        "priority": 1
    },
    {
        "id": 65,
        "action": {
            "type": "block"
        },
        "condition": {
            "urlFilter": "||gudrinieks.lv/res/js/sb_banner.js",
            "isUrlFilterCaseSensitive": false
        },
        "priority": 1
    },
    {
        "id": 66,
        "action": {
            "type": "block"
        },
        "condition": {
            "urlFilter": "||hop.lv^*/banneri/",
            "isUrlFilterCaseSensitive": false
        },
        "priority": 1
    },
    {
        "id": 67,
        "action": {
            "type": "block"
        },
        "condition": {
            "urlFilter": "||iaptieka.lv/atteli/apmaina/",
            "isUrlFilterCaseSensitive": false
        },
        "priority": 1
    },
    {
        "id": 68,
        "action": {
            "type": "block"
        },
        "condition": {
            "urlFilter": "||img.pilseta24.lv/media/768x575^",
            "resourceTypes": [
                "image"
            ],
            "isUrlFilterCaseSensitive": false
        },
        "priority": 101
    },
    {
        "id": 69,
        "action": {
            "type": "block"
        },
        "condition": {
            "urlFilter": "||intim.lv/res/banners/",
            "isUrlFilterCaseSensitive": false
        },
        "priority": 1
    },
    {
        "id": 70,
        "action": {
            "type": "block"
        },
        "condition": {
            "urlFilter": "||jauns.lv/ad_list/",
            "isUrlFilterCaseSensitive": false
        },
        "priority": 1
    },
    {
        "id": 71,
        "action": {
            "type": "block"
        },
        "condition": {
            "urlFilter": "||kurpirkt.lv/ba/",
            "isUrlFilterCaseSensitive": false
        },
        "priority": 1
    },
    {
        "id": 72,
        "action": {
            "type": "block"
        },
        "condition": {
            "urlFilter": "||kurpirkt.lv/img/ieskaties2.png",
            "isUrlFilterCaseSensitive": false
        },
        "priority": 1
    },
    {
        "id": 73,
        "action": {
            "type": "block"
        },
        "condition": {
            "urlFilter": "||latauto.tvnet.lv/infoblock",
            "isUrlFilterCaseSensitive": false
        },
        "priority": 1
    },
    {
        "id": 74,
        "action": {
            "type": "block"
        },
        "condition": {
            "urlFilter": "||leta.lv/img/*/info_banneris_",
            "isUrlFilterCaseSensitive": false
        },
        "priority": 1
    },
    {
        "id": 75,
        "action": {
            "type": "block"
        },
        "condition": {
            "urlFilter": "||leta.lv^*/preview_banner",
            "isUrlFilterCaseSensitive": false
        },
        "priority": 1
    },
    {
        "id": 76,
        "action": {
            "type": "block"
        },
        "condition": {
            "urlFilter": "||lu.lv/uploads/tx_macinabanners/",
            "isUrlFilterCaseSensitive": false
        },
        "priority": 1
    },
    {
        "id": 77,
        "action": {
            "type": "block"
        },
        "condition": {
            "urlFilter": "||lv.lv/bildes/reklaama.png",
            "isUrlFilterCaseSensitive": false
        },
        "priority": 1
    },
    {
        "id": 78,
        "action": {
            "type": "block"
        },
        "condition": {
            "urlFilter": "||manstv.lv/js/bannerhandlerv2.js",
            "isUrlFilterCaseSensitive": false
        },
        "priority": 1
    },
    {
        "id": 79,
        "action": {
            "type": "block"
        },
        "condition": {
            "urlFilter": "||miljons.com/bnr/",
            "isUrlFilterCaseSensitive": false
        },
        "priority": 1
    },
    {
        "id": 80,
        "action": {
            "type": "block"
        },
        "condition": {
            "urlFilter": "||nekrize.lv/nkr300x250_",
            "isUrlFilterCaseSensitive": false
        },
        "priority": 1
    },
    {
        "id": 81,
        "action": {
            "type": "block"
        },
        "condition": {
            "urlFilter": "||notepad.lv/adfoter2.png",
            "isUrlFilterCaseSensitive": false
        },
        "priority": 1
    },
    {
        "id": 82,
        "action": {
            "type": "block"
        },
        "condition": {
            "urlFilter": "||notepad.lv/images/partneri/",
            "isUrlFilterCaseSensitive": false
        },
        "priority": 1
    },
    {
        "id": 83,
        "action": {
            "type": "block"
        },
        "condition": {
            "urlFilter": "||notepad.lv/partneri/",
            "isUrlFilterCaseSensitive": false
        },
        "priority": 1
    },
    {
        "id": 84,
        "action": {
            "type": "block"
        },
        "condition": {
            "urlFilter": "||nra.lv/_rekl/",
            "isUrlFilterCaseSensitive": false
        },
        "priority": 1
    },
    {
        "id": 85,
        "action": {
            "type": "block"
        },
        "condition": {
            "urlFilter": "||nra.lv/spec/",
            "isUrlFilterCaseSensitive": false
        },
        "priority": 1
    },
    {
        "id": 86,
        "action": {
            "type": "block"
        },
        "condition": {
            "urlFilter": "||oga.lv/ieBildes/",
            "isUrlFilterCaseSensitive": false
        },
        "priority": 1
    },
    {
        "id": 87,
        "action": {
            "type": "block"
        },
        "condition": {
            "urlFilter": "||petits.lv/pics/banners/",
            "isUrlFilterCaseSensitive": false
        },
        "priority": 1
    },
    {
        "id": 88,
        "action": {
            "type": "block"
        },
        "condition": {
            "urlFilter": "||player.tvnet.lv/o/*.mp4",
            "isUrlFilterCaseSensitive": false
        },
        "priority": 1
    },
    {
        "id": 89,
        "action": {
            "type": "block"
        },
        "condition": {
            "urlFilter": "||player.tvnet.lv^*/stats.json",
            "isUrlFilterCaseSensitive": false
        },
        "priority": 1
    },
    {
        "id": 90,
        "action": {
            "type": "block"
        },
        "condition": {
            "urlFilter": "||pv2013.cvk.lv/lmt.jpg",
            "isUrlFilterCaseSensitive": false
        },
        "priority": 1
    },
    {
        "id": 92,
        "action": {
            "type": "block"
        },
        "condition": {
            "urlFilter": "||receptes.lv/images/design/davana_tev.png",
            "isUrlFilterCaseSensitive": false
        },
        "priority": 1
    },
    {
        "id": 93,
        "action": {
            "type": "block"
        },
        "condition": {
            "urlFilter": "||reklama.lv/images/picads/users/",
            "isUrlFilterCaseSensitive": false
        },
        "priority": 1
    },
    {
        "id": 94,
        "action": {
            "type": "block"
        },
        "condition": {
            "urlFilter": "||reklama.lv/services/ads_count.html",
            "isUrlFilterCaseSensitive": false
        },
        "priority": 1
    },
    {
        "id": 95,
        "action": {
            "type": "block"
        },
        "condition": {
            "urlFilter": "||riga.lv/MEDIA/Misc/",
            "isUrlFilterCaseSensitive": false
        },
        "priority": 1
    },
    {
        "id": 96,
        "action": {
            "type": "block"
        },
        "condition": {
            "urlFilter": "||runabildes.lv^*/itro-popup/",
            "isUrlFilterCaseSensitive": false
        },
        "priority": 1
    },
    {
        "id": 97,
        "action": {
            "type": "block"
        },
        "condition": {
            "urlFilter": "||runabildes.lv^*/ondo_tapete.jpg",
            "isUrlFilterCaseSensitive": false
        },
        "priority": 1
    },
    {
        "id": 98,
        "action": {
            "type": "block"
        },
        "condition": {
            "urlFilter": "||runabildes.lv^*/wpsite-background-takeover/",
            "resourceTypes": [
                "script"
            ],
            "isUrlFilterCaseSensitive": false
        },
        "priority": 101
    },
    {
        "id": 99,
        "action": {
            "type": "block"
        },
        "condition": {
            "urlFilter": "||salidzini.lv/*_1200x150",
            "resourceTypes": [
                "sub_frame"
            ],
            "isUrlFilterCaseSensitive": false
        },
        "priority": 101
    },
    {
        "id": 100,
        "action": {
            "type": "block"
        },
        "condition": {
            "urlFilter": "||salidzini.lv/*_190x600",
            "resourceTypes": [
                "sub_frame"
            ],
            "isUrlFilterCaseSensitive": false
        },
        "priority": 101
    },
    {
        "id": 101,
        "action": {
            "type": "block"
        },
        "condition": {
            "urlFilter": "||salidzini.lv/*_320x120",
            "resourceTypes": [
                "sub_frame"
            ],
            "isUrlFilterCaseSensitive": false
        },
        "priority": 101
    },
    {
        "id": 102,
        "action": {
            "type": "block"
        },
        "condition": {
            "urlFilter": "||semicom.lv/admin/files/",
            "resourceTypes": [
                "object"
            ],
            "isUrlFilterCaseSensitive": false
        },
        "priority": 101
    },
    {
        "id": 103,
        "action": {
            "type": "block"
        },
        "condition": {
            "urlFilter": "||serveris.lv/images/Baners/",
            "isUrlFilterCaseSensitive": false
        },
        "priority": 1
    },
    {
        "id": 104,
        "action": {
            "type": "block"
        },
        "condition": {
            "urlFilter": "||signe.lv/userfiles/image/main%20page%20banners/",
            "isUrlFilterCaseSensitive": false
        },
        "priority": 1
    },
    {
        "id": 105,
        "action": {
            "type": "block"
        },
        "condition": {
            "urlFilter": "||source.pilseta24.lv^",
            "resourceTypes": [
                "image"
            ],
            "isUrlFilterCaseSensitive": false
        },
        "priority": 101
    },
    {
        "id": 106,
        "action": {
            "type": "block"
        },
        "condition": {
            "urlFilter": "||sportazinas.com/*/1920x1000",
            "isUrlFilterCaseSensitive": false
        },
        "priority": 1
    },
    {
        "id": 107,
        "action": {
            "type": "block"
        },
        "condition": {
            "urlFilter": "||sportazinas.com/wp-content/uploads/*.gif",
            "isUrlFilterCaseSensitive": false
        },
        "priority": 1
    },
    {
        "id": 108,
        "action": {
            "type": "block"
        },
        "condition": {
            "urlFilter": "||sudzibas.lv/baneris_",
            "isUrlFilterCaseSensitive": false
        },
        "priority": 1
    },
    {
        "id": 109,
        "action": {
            "type": "block"
        },
        "condition": {
            "urlFilter": "||tavacena.lv/images/ltc/",
            "isUrlFilterCaseSensitive": false
        },
        "priority": 1
    },
    {
        "id": 110,
        "action": {
            "type": "block"
        },
        "condition": {
            "urlFilter": "||tele2.lv^*_popup_",
            "isUrlFilterCaseSensitive": false
        },
        "priority": 1
    },
    {
        "id": 111,
        "action": {
            "type": "block"
        },
        "condition": {
            "urlFilter": "||tours.lv/images/misc/",
            "isUrlFilterCaseSensitive": false
        },
        "priority": 1
    },
    {
        "id": 112,
        "action": {
            "type": "block"
        },
        "condition": {
            "urlFilter": "||tvnet.lv/assets/js/vast.js",
            "isUrlFilterCaseSensitive": false
        },
        "priority": 1
    },
    {
        "id": 113,
        "action": {
            "type": "block"
        },
        "condition": {
            "urlFilter": "||tvnet.lv/js/ad.js",
            "isUrlFilterCaseSensitive": false
        },
        "priority": 1
    },
    {
        "id": 114,
        "action": {
            "type": "block"
        },
        "condition": {
            "urlFilter": "||varianti.lv/static/banners/",
            "isUrlFilterCaseSensitive": false
        },
        "priority": 1
    },
    {
        "id": 115,
        "action": {
            "type": "block"
        },
        "condition": {
            "urlFilter": "||vgk.lv/adv/",
            "isUrlFilterCaseSensitive": false
        },
        "priority": 1
    },
    {
        "id": 116,
        "action": {
            "type": "block"
        },
        "condition": {
            "urlFilter": "||viastream.viasat.tv/Commercials/",
            "isUrlFilterCaseSensitive": false
        },
        "priority": 1
    },
    {
        "id": 117,
        "action": {
            "type": "block"
        },
        "condition": {
            "urlFilter": "||xp.lv/res/banners/",
            "isUrlFilterCaseSensitive": false
        },
        "priority": 1
    },
    {
        "id": 118,
        "action": {
            "type": "block"
        },
        "condition": {
            "urlFilter": "||zip.lv/kasjauns.swf",
            "isUrlFilterCaseSensitive": false
        },
        "priority": 1
    },
    {
        "id": 122,
        "action": {
            "type": "block"
        },
        "condition": {
            "urlFilter": "||1188.lv^",
            "domainType": "thirdParty",
            "isUrlFilterCaseSensitive": false
        },
        "priority": 2
    },
    {
        "id": 123,
        "action": {
            "type": "block"
        },
        "condition": {
            "urlFilter": "||1shop.lv/i/ban/",
            "isUrlFilterCaseSensitive": false
        },
        "priority": 1
    },
    {
        "id": 124,
        "action": {
            "type": "block"
        },
        "condition": {
            "urlFilter": "||a.alicdn.com^*300x250.",
            "domainType": "thirdParty",
            "isUrlFilterCaseSensitive": false
        },
        "priority": 2
    },
    {
        "id": 126,
        "action": {
            "type": "block"
        },
        "condition": {
            "urlFilter": "||adbox.lv^",
            "domainType": "thirdParty",
            "isUrlFilterCaseSensitive": false
        },
        "priority": 2
    },
    {
        "id": 127,
        "action": {
            "type": "block"
        },
        "condition": {
            "urlFilter": "||adhands.ru^",
            "domainType": "thirdParty",
            "isUrlFilterCaseSensitive": false
        },
        "priority": 2
    },
    {
        "id": 128,
        "action": {
            "type": "block"
        },
        "condition": {
            "urlFilter": "||adsplius.lt^",
            "domainType": "thirdParty",
            "isUrlFilterCaseSensitive": false
        },
        "priority": 2
    },
    {
        "id": 129,
        "action": {
            "type": "block"
        },
        "condition": {
            "urlFilter": "||agk.lv^",
            "domainType": "thirdParty",
            "isUrlFilterCaseSensitive": false
        },
        "priority": 2
    },
    {
        "id": 130,
        "action": {
            "type": "block"
        },
        "condition": {
            "urlFilter": "||airbalticblog.com/shared/",
            "domainType": "thirdParty",
            "isUrlFilterCaseSensitive": false
        },
        "priority": 2
    },
    {
        "id": 131,
        "action": {
            "type": "block"
        },
        "condition": {
            "urlFilter": "||alida.lv/upload/banner/",
            "isUrlFilterCaseSensitive": false
        },
        "priority": 1
    },
    {
        "id": 132,
        "action": {
            "type": "block"
        },
        "condition": {
            "urlFilter": "||anymedia.lv^",
            "domainType": "thirdParty",
            "isUrlFilterCaseSensitive": false
        },
        "priority": 2
    },
    {
        "id": 133,
        "action": {
            "type": "block"
        },
        "condition": {
            "urlFilter": "||apollo.lv/article/feed/iframe/",
            "domainType": "thirdParty",
            "isUrlFilterCaseSensitive": false
        },
        "priority": 2
    },
    {
        "id": 134,
        "action": {
            "type": "block"
        },
        "condition": {
            "urlFilter": "||apollo.lv/upload/city24",
            "isUrlFilterCaseSensitive": false
        },
        "priority": 1
    },
    {
        "id": 135,
        "action": {
            "type": "block"
        },
        "condition": {
            "urlFilter": "||apps.lv/timthumb.php?*/uploads/shop_images/",
            "isUrlFilterCaseSensitive": false
        },
        "priority": 1
    },
    {
        "id": 136,
        "action": {
            "type": "block"
        },
        "condition": {
            "urlFilter": "||ass.lv/iframe/",
            "domainType": "thirdParty",
            "isUrlFilterCaseSensitive": false
        },
        "priority": 2
    },
    {
        "id": 137,
        "action": {
            "type": "block"
        },
        "condition": {
            "urlFilter": "||auto24.lv^",
            "domainType": "thirdParty",
            "isUrlFilterCaseSensitive": false
        },
        "priority": 2
    },
    {
        "id": 139,
        "action": {
            "type": "block"
        },
        "condition": {
            "urlFilter": "||banneri.lv^",
            "domainType": "thirdParty",
            "isUrlFilterCaseSensitive": false
        },
        "priority": 2
    },
    {
        "id": 140,
        "action": {
            "type": "block"
        },
        "condition": {
            "urlFilter": "||beta.lt^*/banners",
            "isUrlFilterCaseSensitive": false
        },
        "priority": 1
    },
    {
        "id": 141,
        "action": {
            "type": "block"
        },
        "condition": {
            "urlFilter": "||cetrassezonas.lv/tvnet.php",
            "isUrlFilterCaseSensitive": false
        },
        "priority": 1
    },
    {
        "id": 142,
        "action": {
            "type": "block"
        },
        "condition": {
            "urlFilter": "||chaula.tv/lv/output/",
            "domainType": "thirdParty",
            "isUrlFilterCaseSensitive": false
        },
        "priority": 2
    },
    {
        "id": 143,
        "action": {
            "type": "block"
        },
        "condition": {
            "urlFilter": "||city24.lv/ibox/",
            "domainType": "thirdParty",
            "isUrlFilterCaseSensitive": false
        },
        "priority": 2
    },
    {
        "id": 144,
        "action": {
            "type": "block"
        },
        "condition": {
            "urlFilter": "||cv.lv^*?type=banner",
            "isUrlFilterCaseSensitive": false
        },
        "priority": 1
    },
    {
        "id": 145,
        "action": {
            "type": "block"
        },
        "condition": {
            "urlFilter": "||delphi.lv/bizness/techchill/",
            "isUrlFilterCaseSensitive": false
        },
        "priority": 1
    },
    {
        "id": 146,
        "action": {
            "type": "block"
        },
        "condition": {
            "urlFilter": "||delphi.lv/fp/i/airBaltic_block_v3_logo.svg",
            "isUrlFilterCaseSensitive": false
        },
        "priority": 1
    },
    {
        "id": 147,
        "action": {
            "type": "block"
        },
        "condition": {
            "urlFilter": "||delphi.lv^*/ads/",
            "isUrlFilterCaseSensitive": false
        },
        "priority": 1
    },
    {
        "id": 148,
        "action": {
            "type": "block"
        },
        "condition": {
            "urlFilter": "||diena.lv/boxnews.html",
            "domainType": "thirdParty",
            "isUrlFilterCaseSensitive": false
        },
        "priority": 2
    },
    {
        "id": 149,
        "action": {
            "type": "block"
        },
        "condition": {
            "urlFilter": "||doaffiliate.net^",
            "domainType": "thirdParty",
            "isUrlFilterCaseSensitive": false
        },
        "priority": 2
    },
    {
        "id": 150,
        "action": {
            "type": "block"
        },
        "condition": {
            "urlFilter": "||evolution.lv^",
            "domainType": "thirdParty",
            "isUrlFilterCaseSensitive": false
        },
        "priority": 2
    },
    {
        "id": 151,
        "action": {
            "type": "block"
        },
        "condition": {
            "urlFilter": "||freewheel-mtgx-tv.akamaized.net^",
            "initiatorDomains": [
                "skaties.lv"
            ],
            "resourceTypes": [
                "media"
            ],
            "isUrlFilterCaseSensitive": false
        },
        "priority": 301
    },
    {
        "id": 152,
        "action": {
            "type": "block"
        },
        "condition": {
            "urlFilter": "||goaff.com^",
            "domainType": "thirdParty",
            "isUrlFilterCaseSensitive": false
        },
        "priority": 2
    },
    {
        "id": 154,
        "action": {
            "type": "block"
        },
        "condition": {
            "urlFilter": "||ifrype.com/ad_v/",
            "isUrlFilterCaseSensitive": false
        },
        "priority": 1
    },
    {
        "id": 155,
        "action": {
            "type": "block"
        },
        "condition": {
            "urlFilter": "||ifrype.com/miniads",
            "isUrlFilterCaseSensitive": false
        },
        "priority": 1
    },
    {
        "id": 156,
        "action": {
            "type": "block"
        },
        "condition": {
            "urlFilter": "||ifrype.com^*/ad_v.",
            "isUrlFilterCaseSensitive": false
        },
        "priority": 1
    },
    {
        "id": 157,
        "action": {
            "type": "block"
        },
        "condition": {
            "urlFilter": "||ifrype.com^*/ads.",
            "isUrlFilterCaseSensitive": false
        },
        "priority": 1
    },
    {
        "id": 158,
        "action": {
            "type": "block"
        },
        "condition": {
            "urlFilter": "||itvnet.lv/partner/",
            "isUrlFilterCaseSensitive": false
        },
        "priority": 1
    },
    {
        "id": 159,
        "action": {
            "type": "block"
        },
        "condition": {
            "urlFilter": "||knc.lv^",
            "domainType": "thirdParty",
            "isUrlFilterCaseSensitive": false
        },
        "priority": 2
    },
    {
        "id": 160,
        "action": {
            "type": "block"
        },
        "condition": {
            "urlFilter": "||latloto.lv/banner/",
            "isUrlFilterCaseSensitive": false
        },
        "priority": 1
    },
    {
        "id": 161,
        "action": {
            "type": "block"
        },
        "condition": {
            "urlFilter": "||leta.lv/bm/www/images/",
            "domainType": "thirdParty",
            "isUrlFilterCaseSensitive": false
        },
        "priority": 2
    },
    {
        "id": 162,
        "action": {
            "type": "block"
        },
        "condition": {
            "urlFilter": "||manasfinanses.lv/apollo-widget",
            "domainType": "thirdParty",
            "isUrlFilterCaseSensitive": false
        },
        "priority": 2
    },
    {
        "id": 163,
        "action": {
            "type": "block"
        },
        "condition": {
            "urlFilter": "||maxtraffic.com^",
            "domainType": "thirdParty",
            "isUrlFilterCaseSensitive": false
        },
        "priority": 2
    },
    {
        "id": 164,
        "action": {
            "type": "block"
        },
        "condition": {
            "urlFilter": "||media.city24.lv^",
            "domainType": "thirdParty",
            "isUrlFilterCaseSensitive": false
        },
        "priority": 2
    },
    {
        "id": 165,
        "action": {
            "type": "block"
        },
        "condition": {
            "urlFilter": "||miljons.com/widget/",
            "domainType": "thirdParty",
            "isUrlFilterCaseSensitive": false
        },
        "priority": 2
    },
    {
        "id": 166,
        "action": {
            "type": "block"
        },
        "condition": {
            "urlFilter": "||mtgonline.lv/counter-smscredit/",
            "isUrlFilterCaseSensitive": false
        },
        "priority": 1
    },
    {
        "id": 167,
        "action": {
            "type": "block"
        },
        "condition": {
            "urlFilter": "||nagi.ee^",
            "domainType": "thirdParty",
            "isUrlFilterCaseSensitive": false
        },
        "priority": 2
    },
    {
        "id": 168,
        "action": {
            "type": "block"
        },
        "condition": {
            "urlFilter": "||nerealitate.lv^",
            "domainType": "thirdParty",
            "isUrlFilterCaseSensitive": false
        },
        "priority": 2
    },
    {
        "id": 169,
        "action": {
            "type": "block"
        },
        "condition": {
            "urlFilter": "||next.lv^",
            "domainType": "thirdParty",
            "isUrlFilterCaseSensitive": false
        },
        "priority": 2
    },
    {
        "id": 170,
        "action": {
            "type": "block"
        },
        "condition": {
            "urlFilter": "||novonews.lv/ticker/flash/",
            "domainType": "thirdParty",
            "isUrlFilterCaseSensitive": false
        },
        "priority": 2
    },
    {
        "id": 171,
        "action": {
            "type": "block"
        },
        "condition": {
            "urlFilter": "||olybet.lv^",
            "domainType": "thirdParty",
            "isUrlFilterCaseSensitive": false
        },
        "priority": 2
    },
    {
        "id": 172,
        "action": {
            "type": "block"
        },
        "condition": {
            "urlFilter": "||optibet.lv^",
            "domainType": "thirdParty",
            "isUrlFilterCaseSensitive": false
        },
        "priority": 2
    },
    {
        "id": 173,
        "action": {
            "type": "block"
        },
        "condition": {
            "urlFilter": "||otrapuse.lv^",
            "domainType": "thirdParty",
            "isUrlFilterCaseSensitive": false
        },
        "priority": 2
    },
    {
        "id": 174,
        "action": {
            "type": "block"
        },
        "condition": {
            "urlFilter": "||partneriem.smscredit.lv^",
            "domainType": "thirdParty",
            "isUrlFilterCaseSensitive": false
        },
        "priority": 2
    },
    {
        "id": 175,
        "action": {
            "type": "block"
        },
        "condition": {
            "urlFilter": "||pay4results.ee^",
            "domainType": "thirdParty",
            "isUrlFilterCaseSensitive": false
        },
        "priority": 2
    },
    {
        "id": 176,
        "action": {
            "type": "block"
        },
        "condition": {
            "urlFilter": "||perkamkopa.lv^",
            "domainType": "thirdParty",
            "isUrlFilterCaseSensitive": false
        },
        "priority": 2
    },
    {
        "id": 177,
        "action": {
            "type": "block"
        },
        "condition": {
            "urlFilter": "||playapi.mtgx.tv^*/banners",
            "isUrlFilterCaseSensitive": false
        },
        "priority": 1
    },
    {
        "id": 178,
        "action": {
            "type": "block"
        },
        "condition": {
            "urlFilter": "||prieks.lv^*/banner/",
            "isUrlFilterCaseSensitive": false
        },
        "priority": 1
    },
    {
        "id": 180,
        "action": {
            "type": "block"
        },
        "condition": {
            "urlFilter": "||reklama.lv/promotion/",
            "isUrlFilterCaseSensitive": false
        },
        "priority": 1
    },
    {
        "id": 182,
        "action": {
            "type": "block"
        },
        "condition": {
            "urlFilter": "||saites.eon.lv^",
            "domainType": "thirdParty",
            "isUrlFilterCaseSensitive": false
        },
        "priority": 2
    },
    {
        "id": 183,
        "action": {
            "type": "block"
        },
        "condition": {
            "urlFilter": "||salidzini.lv/affiliate/",
            "isUrlFilterCaseSensitive": false
        },
        "priority": 1
    },
    {
        "id": 184,
        "action": {
            "type": "block"
        },
        "condition": {
            "urlFilter": "||salidzini.lv/images/120x40.php",
            "isUrlFilterCaseSensitive": false
        },
        "priority": 1
    },
    {
        "id": 185,
        "action": {
            "type": "block"
        },
        "condition": {
            "urlFilter": "||salidzini.lv/images/88x31.php",
            "isUrlFilterCaseSensitive": false
        },
        "priority": 1
    },
    {
        "id": 186,
        "action": {
            "type": "block"
        },
        "condition": {
            "urlFilter": "||salidzini.lv/images/banner/",
            "isUrlFilterCaseSensitive": false
        },
        "priority": 1
    },
    {
        "id": 187,
        "action": {
            "type": "block"
        },
        "condition": {
            "urlFilter": "||serveris.lv/images/affiliate/",
            "isUrlFilterCaseSensitive": false
        },
        "priority": 1
    },
    {
        "id": 188,
        "action": {
            "type": "block"
        },
        "condition": {
            "urlFilter": "||sludini.lv^",
            "domainType": "thirdParty",
            "isUrlFilterCaseSensitive": false
        },
        "priority": 2
    },
    {
        "id": 189,
        "action": {
            "type": "block"
        },
        "condition": {
            "urlFilter": "||smartad.lv^",
            "domainType": "thirdParty",
            "isUrlFilterCaseSensitive": false
        },
        "priority": 2
    },
    {
        "id": 190,
        "action": {
            "type": "block"
        },
        "condition": {
            "urlFilter": "||styleweb.lv^",
            "domainType": "thirdParty",
            "isUrlFilterCaseSensitive": false
        },
        "priority": 2
    },
    {
        "id": 191,
        "action": {
            "type": "block"
        },
        "condition": {
            "urlFilter": "||sure.lv^",
            "domainType": "thirdParty",
            "isUrlFilterCaseSensitive": false
        },
        "priority": 2
    },
    {
        "id": 192,
        "action": {
            "type": "block"
        },
        "condition": {
            "urlFilter": "||tvnet.lv/export_news/",
            "domainType": "thirdParty",
            "isUrlFilterCaseSensitive": false
        },
        "priority": 2
    },
    {
        "id": 193,
        "action": {
            "type": "block"
        },
        "condition": {
            "urlFilter": "||videoavatars.com^",
            "domainType": "thirdParty",
            "isUrlFilterCaseSensitive": false
        },
        "priority": 2
    },
    {
        "id": 195,
        "action": {
            "type": "block"
        },
        "condition": {
            "urlFilter": "||zizu.lv/bpublic/",
            "isUrlFilterCaseSensitive": false
        },
        "priority": 1
    },
    {
        "id": 196,
        "action": {
            "type": "block"
        },
        "condition": {
            "urlFilter": "||zizu.lv/campaigns/",
            "domainType": "thirdParty",
            "isUrlFilterCaseSensitive": false
        },
        "priority": 2
    },
    {
        "id": 201,
        "action": {
            "type": "allow"
        },
        "condition": {
            "urlFilter": "||lsm.lv/public/scripts/ads.js",
            "domainType": "firstParty",
            "resourceTypes": [
                "script"
            ],
            "isUrlFilterCaseSensitive": false
        },
        "priority": 100102
    },
    {
        "id": 202,
        "action": {
            "type": "allow"
        },
        "condition": {
            "urlFilter": "||ltv.lsm.lv/scripts/ads.js",
            "resourceTypes": [
                "script"
            ],
            "isUrlFilterCaseSensitive": false
        },
        "priority": 100101
    },
    {
        "id": 203,
        "action": {
            "type": "allow"
        },
        "condition": {
            "urlFilter": "||playapi.mtgx.tv/v3/adinfo",
            "resourceTypes": [
                "xmlhttprequest"
            ],
            "isUrlFilterCaseSensitive": false
        },
        "priority": 100101
    },
    {
        "id": 204,
        "action": {
            "type": "allow"
        },
        "condition": {
            "urlFilter": "||varianti.lv/ads/load_ad_images/",
            "domainType": "firstParty",
            "resourceTypes": [
                "xmlhttprequest"
            ],
            "isUrlFilterCaseSensitive": false
        },
        "priority": 100102
    },
    {
        "id": 205,
        "action": {
            "type": "allow"
        },
        "condition": {
            "urlFilter": "||visidarbi.lv/advertisements",
            "domainType": "firstParty",
            "resourceTypes": [
                "xmlhttprequest"
            ],
            "isUrlFilterCaseSensitive": false
        },
        "priority": 100102
    },
    {
        "id": 212,
        "action": {
            "type": "allow"
        },
        "condition": {
            "urlFilter": "||emediate.se/eas?*ty=video",
            "initiatorDomains": [
                "apollo.lv"
            ],
            "resourceTypes": [
                "object"
            ],
            "isUrlFilterCaseSensitive": false
        },
        "priority": 100301
    },
    {
        "id": 213,
        "action": {
            "type": "allow"
        },
        "condition": {
            "urlFilter": "||fwmrm.net/ad/g/",
            "initiatorDomains": [
                "skaties.lv"
            ],
            "resourceTypes": [
                "xmlhttprequest"
            ],
            "isUrlFilterCaseSensitive": false
        },
        "priority": 100301
    },
    {
        "id": 214,
        "action": {
            "type": "allow"
        },
        "condition": {
            "urlFilter": "||fwmrm.net/ad/l/",
            "initiatorDomains": [
                "skaties.lv"
            ],
            "resourceTypes": [
                "xmlhttprequest"
            ],
            "isUrlFilterCaseSensitive": false
        },
        "priority": 100301
    },
    {
        "id": 216,
        "action": {
            "type": "allow"
        },
        "condition": {
            "urlFilter": "||mssl.fwmrm.net/libs/adm/*/LinkTag2.js",
            "initiatorDomains": [
                "skaties.lv"
            ],
            "isUrlFilterCaseSensitive": false
        },
        "priority": 100201
    },
    {
        "id": 217,
        "action": {
            "type": "allow"
        },
        "condition": {
            "urlFilter": "||tv3play.skaties.lv/static/scripts/trackdb/events.gif",
            "initiatorDomains": [
                "skaties.lv"
            ],
            "isUrlFilterCaseSensitive": false
        },
        "priority": 100201
    },
    {
        "id": 218,
        "action": {
            "type": "allow"
        },
        "condition": {
            "urlFilter": "||viastream.viasat.tv^*?affiliate=",
            "isUrlFilterCaseSensitive": false
        },
        "priority": 100001
    }
]